n	m	graph_type	algorithm	preprocessing_time	preprocessing_extract_mins	preprocessing_decrease_keys	avg_query_time	avg_query_extract_mins	avg_query_decrease_keys	mem_usage	size	avg_stretch	max_stretch	theoretical_max_stretch	samples
1000	50534	n_p=0.100000	ThorupZwickOracle (k=3)	0.368856	28638	75698	1.36378e-06	0	0	1763472	55270	1.34322	2.13282	5	50
1000	50534	n_p=0.100000	ThorupZwickOracle (k=3)	0.459696	31886	69248	1.38766e-06	0	0	1966384	61766	1.50639	2.44627	5	50
1000	50534	n_p=0.100000	ThorupZwickOracle (k=3)	0.30897	32876	64136	1.24116e-06	0	0	2049584	63746	1.53555	2.70559	5	50
1000	50534	n_p=0.100000	ThorupZwickOracle (k=3)	0.196838	24313	52274	1.0567e-06	0	0	1506936	46620	1.36579	2.80203	5	50
1000	50534	n_p=0.100000	ThorupZwickOracle (k=3)	0.290131	38225	76454	1.09376e-06	0	0	2360296	74444	1.6185	3.30424	5	50
1000	50534	n_p=0.100000	ThorupZwickOracle (k=3)	0.315285	28373	62692	1.33722e-06	0	0	1751304	54740	1.46377	2.94013	5	50
1000	50534	n_p=0.100000	ThorupZwickOracle (k=3)	0.434209	29630	79906	1.48842e-06	0	0	1823520	57254	1.41687	2.41212	5	50
1000	50534	n_p=0.100000	ThorupZwickOracle (k=3)	0.273035	26035	54040	1.2215e-06	0	0	1609800	50064	1.39926	2.59432	5	50
1000	50534	n_p=0.100000	ThorupZwickOracle (k=3)	0.334224	32619	73343	1.32868e-06	0	0	2015160	63232	1.51112	2.96759	5	50
1000	50534	n_p=0.100000	ThorupZwickOracle (k=3)	0.380107	38598	67363	1.21026e-06	0	0	2398880	75190	1.53739	3.02034	5	50
1000	50534	n_p=0.100000	WulffNilsenOracle (k=3)	0.300708	38686	76519	9.6222e-07	0	0	2432008	76366	1.49554	2.97554	5	50
1000	50534	n_p=0.100000	WulffNilsenOracle (k=3)	0.273949	29549	73252	1.04392e-06	0	0	1837840	58092	1.4305	2.20509	5	50
1000	50534	n_p=0.100000	WulffNilsenOracle (k=3)	0.29485	26960	64506	1.00452e-06	0	0	1686264	52914	1.39257	2.39434	5	50
1000	50534	n_p=0.100000	WulffNilsenOracle (k=3)	0.261463	29195	69905	1.63e-06	0	0	1825248	57384	1.41609	2.30596	5	50
1000	50534	n_p=0.100000	WulffNilsenOracle (k=3)	0.301703	28187	62525	1.29878e-06	0	0	1772784	55368	1.44734	2.66935	5	50
1000	50534	n_p=0.100000	WulffNilsenOracle (k=3)	0.374478	31885	75807	1.39184e-06	0	0	1988800	62764	1.43924	2.39296	5	50
1000	50534	n_p=0.100000	WulffNilsenOracle (k=3)	0.251565	29648	51477	1.22648e-06	0	0	1861048	58290	1.53912	2.66935	5	50
1000	50534	n_p=0.100000	WulffNilsenOracle (k=3)	0.294983	27639	64850	1.5548e-06	0	0	1733872	54272	1.40745	2.21752	5	50
1000	50534	n_p=0.100000	WulffNilsenOracle (k=3)	0.338316	26119	63380	1.37128e-06	0	0	1631248	51232	1.40987	2.52723	5	50
1000	50534	n_p=0.100000	WulffNilsenOracle (k=3)	0.369438	29211	60462	1.33244e-06	0	0	1831008	57416	1.45044	2.70809	5	50
1000	50534	n_p=0.100000	ThorupZwickOracle (k=15)	0.124586	25197	72243	2.54926e-06	0	0	945560	36364	1.46884	2.5462	29	50
1000	50534	n_p=0.100000	ThorupZwickOracle (k=15)	0.128138	24627	74371	2.23728e-06	0	0	908920	35224	1.45732	2.81167	29	50
1000	50534	n_p=0.100000	ThorupZwickOracle (k=15)	0.109654	24817	71669	2.56156e-06	0	0	927512	35604	1.57757	4.01662	29	50
1000	50534	n_p=0.100000	ThorupZwickOracle (k=15)	0.101127	23381	70081	2.1247e-06	0	0	843176	32732	1.44333	2.26292	29	50
1000	50534	n_p=0.100000	ThorupZwickOracle (k=15)	0.0913739	23874	68334	2.24256e-06	0	0	866496	33718	1.47679	2.33667	29	50
1000	50534	n_p=0.100000	ThorupZwickOracle (k=15)	0.0952357	24092	68790	2.07806e-06	0	0	884624	34154	1.47947	2.3767	29	50
1000	50534	n_p=0.100000	ThorupZwickOracle (k=15)	0.101226	25582	69918	2.36162e-06	0	0	977152	37134	1.57637	3.06171	29	50
1000	50534	n_p=0.100000	ThorupZwickOracle (k=15)	0.119349	24739	74714	1.78424e-06	0	0	922520	35448	1.41038	2.20329	29	50
1000	50534	n_p=0.100000	ThorupZwickOracle (k=15)	0.0955747	23838	67646	3.01026e-06	0	0	872768	33646	1.43715	2.37423	29	50
1000	50534	n_p=0.100000	ThorupZwickOracle (k=15)	0.0977759	24083	68062	2.1617e-06	0	0	890120	34136	1.54952	3.58501	29	50
1000	50534	n_p=0.100000	WulffNilsenOracle (k=15)	0.103817	24805	69064	2.3913e-06	0	0	1066416	41478	1.67569	2.72783	29	50
1000	50534	n_p=0.100000	WulffNilsenOracle (k=15)	0.14039	23805	70237	1.52758e-06	0	0	1010272	39512	1.50281	2.61849	29	50
1000	50534	n_p=0.100000	WulffNilsenOracle (k=15)	0.109114	24331	71446	1.50688e-06	0	0	1042016	40624	1.52498	3.051	29	50
1000	50534	n_p=0.100000	WulffNilsenOracle (k=15)	0.147415	25598	79280	1.6247e-06	0	0	1104664	42962	1.48892	2.44003	29	50
1000	50534	n_p=0.100000	WulffNilsenOracle (k=15)	0.121881	24865	74841	1.42942e-06	0	0	1067120	41730	1.59562	2.93496	29	50
1000	50534	n_p=0.100000	WulffNilsenOracle (k=15)	0.103972	26008	70770	1.85384e-06	0	0	1142232	43862	1.60706	3.00476	29	50
1000	50534	n_p=0.100000	WulffNilsenOracle (k=15)	0.0911419	24021	68196	1.23914e-06	0	0	1033648	39938	1.72398	3.72695	29	50
1000	50534	n_p=0.100000	WulffNilsenOracle (k=15)	0.0937994	24001	67960	1.64508e-06	0	0	1015776	39832	1.59088	3.61716	29	50
1000	50534	n_p=0.100000	WulffNilsenOracle (k=15)	0.0961161	24806	68795	2.2112e-06	0	0	1070968	41462	1.68266	3.6351	29	50
1000	50534	n_p=0.100000	WulffNilsenOracle (k=15)	0.102161	23249	69224	1.5288e-06	0	0	978896	38414	1.49862	4.28032	29	50
1000	75113	n_p=0.150000	ThorupZwickOracle (k=3)	0.263079	24545	62860	9.3196e-07	0	0	1518968	47084	1.2692	2.14131	5	50
1000	75113	n_p=0.150000	ThorupZwickOracle (k=3)	0.293144	28294	66721	9.717e-07	0	0	1755920	54582	1.3767	2.68648	5	50
1000	75113	n_p=0.150000	ThorupZwickOracle (k=3)	0.293278	29926	68392	1.03312e-06	0	0	1854544	57846	1.4065	2.13616	5	50
1000	75113	n_p=0.150000	ThorupZwickOracle (k=3)	0.328903	27983	77101	1.0577e-06	0	0	1727096	53960	1.34062	2.37284	5	50
1000	75113	n_p=0.150000	ThorupZwickOracle (k=3)	0.311835	32522	71085	1.01292e-06	0	0	2027152	63038	1.45482	2.17835	5	50
1000	75113	n_p=0.150000	ThorupZwickOracle (k=3)	0.341148	30354	79479	9.1014e-07	0	0	1877344	58702	1.42239	2.49336	5	50
1000	75113	n_p=0.150000	ThorupZwickOracle (k=3)	0.29454	30826	69104	7.9508e-07	0	0	1906304	59646	1.38725	2.35398	5	50
1000	75113	n_p=0.150000	ThorupZwickOracle (k=3)	0.281244	34373	66152	9.0622e-07	0	0	2120120	66740	1.46765	2.69205	5	50
1000	75113	n_p=0.150000	ThorupZwickOracle (k=3)	0.243762	28769	56496	9.9622e-07	0	0	1786984	55532	1.52274	2.21475	5	50
1000	75113	n_p=0.150000	ThorupZwickOracle (k=3)	0.27707	28111	63217	9.6058e-07	0	0	1747688	54216	1.48102	3.09393	5	50
1000	75113	n_p=0.150000	WulffNilsenOracle (k=3)	0.342938	25719	70813	9.3302e-07	0	0	1609600	50432	1.32131	2.55002	5	50
1000	75113	n_p=0.150000	WulffNilsenOracle (k=3)	0.376675	29568	68211	1.22016e-06	0	0	1858728	58130	1.37266	1.93311	5	50
1000	75113	n_p=0.150000	WulffNilsenOracle (k=3)	0.39044	35168	81033	1.1008e-06	0	0	2203656	69330	1.48272	2.72929	5	50
1000	75113	n_p=0.150000	WulffNilsenOracle (k=3)	0.364996	34065	79958	9.366e-07	0	0	2145584	67124	1.46959	3.67574	5	50
1000	75113	n_p=0.150000	WulffNilsenOracle (k=3)	0.299642	26467	64714	9.7922e-07	0	0	1666864	51928	1.37236	2.53224	5	50
1000	75113	n_p=0.150000	WulffNilsenOracle (k=3)	0.287797	36328	65033	8.5752e-07	0	0	2302568	71650	1.4353	2.35013	5	50
1000	75113	n_p=0.150000	WulffNilsenOracle (k=3)	0.443593	32860	96119	9.499e-07	0	0	2052568	64714	1.36991	2.54171	5	50
1000	75113	n_p=0.150000	WulffNilsenOracle (k=3)	0.342491	27435	76467	8.8484e-07	0	0	1711168	53864	1.22606	1.75805	5	50
1000	75113	n_p=0.150000	WulffNilsenOracle (k=3)	0.297471	28019	66273	9.9006e-07	0	0	1758624	55032	1.49282	2.76038	5	50
1000	75113	n_p=0.150000	WulffNilsenOracle (k=3)	0.270612	30870	62626	1.10146e-06	0	0	1956776	60734	1.54385	2.43797	5	50
1000	75113	n_p=0.150000	ThorupZwickOracle (k=15)	0.167894	26340	82036	3.00452e-06	0	0	1019520	38650	1.58731	2.63535	29	50
1000	75113	n_p=0.150000	ThorupZwickOracle (k=15)	0.144503	23863	76308	3.10792e-06	0	0	873128	33696	1.43681	3.43836	29	50
1000	75113	n_p=0.150000	ThorupZwickOracle (k=15)	0.16285	24691	80768	2.06552e-06	0	0	915064	35352	1.40094	2.68648	29	50
1000	75113	n_p=0.150000	ThorupZwickOracle (k=15)	0.119071	23755	72511	2.56138e-06	0	0	877304	33480	1.45281	2.9118	29	50
1000	75113	n_p=0.150000	ThorupZwickOracle (k=15)	0.118458	22999	71586	2.3311e-06	0	0	828088	31968	1.47655	2.49976	29	50
1000	75113	n_p=0.150000	ThorupZwickOracle (k=15)	0.165974	26100	82271	2.26014e-06	0	0	1001408	38170	1.48911	2.26759	29	50
1000	75113	n_p=0.150000	ThorupZwickOracle (k=15)	0.117797	23241	71756	2.39326e-06	0	0	841608	32452	1.5304	3.26877	29	50
1000	75113	n_p=0.150000	ThorupZwickOracle (k=15)	0.12611	25720	75434	2.46888e-06	0	0	978224	37410	1.68878	3.91807	29	50
1000	75113	n_p=0.150000	ThorupZwickOracle (k=15)	0.146317	24931	78673	2.56426e-06	0	0	938616	35832	1.49595	2.47991	29	50
1000	75113	n_p=0.150000	ThorupZwickOracle (k=15)	0.123016	24206	73222	2.61954e-06	0	0	900240	34382	1.58426	2.69339	29	50
1000	75113	n_p=0.150000	WulffNilsenOracle (k=15)	0.119221	23875	72711	2.1978e-06	0	0	1014224	39484	1.58003	3.38447	29	50
1000	75113	n_p=0.150000	WulffNilsenOracle (k=15)	0.145645	24841	76761	1.75468e-06	0	0	1068832	41548	1.60196	2.97828	29	50
1000	75113	n_p=0.150000	WulffNilsenOracle (k=15)	0.163758	24523	80282	1.49726e-06	0	0	1041968	40760	1.54811	2.29887	29	50
1000	75113	n_p=0.150000	WulffNilsenOracle (k=15)	0.143059	24978	77391	1.60162e-06	0	0	1077800	41814	1.47553	3.11885	29	50
1000	75113	n_p=0.150000	WulffNilsenOracle (k=15)	0.172677	26204	82618	1.81254e-06	0	0	1151128	44386	1.5439	2.32263	29	50
1000	75113	n_p=0.150000	WulffNilsenOracle (k=15)	0.159824	22613	74735	2.03264e-06	0	0	943584	36994	1.25099	1.9853	29	50
1000	75113	n_p=0.150000	WulffNilsenOracle (k=15)	0.147513	24394	76308	2.0819e-06	0	0	1041480	40468	1.52613	2.92541	29	50
1000	75113	n_p=0.150000	WulffNilsenOracle (k=15)	0.153699	23918	76468	1.81992e-06	0	0	1013320	39648	1.41503	2.16203	29	50
1000	75113	n_p=0.150000	WulffNilsenOracle (k=15)	0.117799	22986	72172	1.71626e-06	0	0	966904	37872	1.36408	2.0494	29	50
1000	75113	n_p=0.150000	WulffNilsenOracle (k=15)	0.125444	23572	73158	1.73596e-06	0	0	995464	38974	1.38278	1.91778	29	50
1000	100369	n_p=0.200000	ThorupZwickOracle (k=3)	0.582778	32352	101203	1.00072e-06	0	0	1984352	62698	1.42275	2.2394	5	50
1000	100369	n_p=0.200000	ThorupZwickOracle (k=3)	0.369491	35439	77693	8.4076e-07	0	0	2200104	68872	1.50485	2.26013	5	50
1000	100369	n_p=0.200000	ThorupZwickOracle (k=3)	0.459334	29677	94822	7.9272e-07	0	0	1822776	57348	1.39112	2.61176	5	50
1000	100369	n_p=0.200000	ThorupZwickOracle (k=3)	0.323305	28127	70125	7.421e-07	0	0	1739256	54248	1.3677	2.53893	5	50
1000	100369	n_p=0.200000	ThorupZwickOracle (k=3)	0.303087	28120	66175	9.1648e-07	0	0	1741728	54234	1.5749	3.19319	5	50
1000	100369	n_p=0.200000	ThorupZwickOracle (k=3)	0.331519	28889	70719	7.373e-07	0	0	1780696	55772	1.45167	2.92747	5	50
1000	100369	n_p=0.200000	ThorupZwickOracle (k=3)	0.398866	31022	84220	7.2706e-07	0	0	1915056	60038	1.5484	3.36311	5	50
1000	100369	n_p=0.200000	ThorupZwickOracle (k=3)	0.299112	27022	64769	1.03378e-06	0	0	1673984	52038	1.34648	2.04159	5	50
1000	100369	n_p=0.200000	ThorupZwickOracle (k=3)	0.417471	30659	87625	7.498e-07	0	0	1894216	59312	1.40294	2.98203	5	50
1000	100369	n_p=0.200000	ThorupZwickOracle (k=3)	0.36051	30406	76190	9.3518e-07	0	0	1871680	58806	1.41461	2.63669	5	50
1000	100369	n_p=0.200000	WulffNilsenOracle (k=3)	0.286161	32108	62470	8.7246e-07	0	0	2026312	63210	1.36375	2.02159	5	50
1000	100369	n_p=0.200000	WulffNilsenOracle (k=3)	0.327662	28189	70020	7.6792e-07	0	0	1772832	55372	1.37783	2.51261	5	50
1000	100369	n_p=0.200000	WulffNilsenOracle (k=3)	0.280892	29952	60537	1.09302e-06	0	0	1879880	58898	1.49159	2.86067	5	50
1000	100369	n_p=0.200000	WulffNilsenOracle (k=3)	0.342409	31107	73049	1.03406e-06	0	0	1947360	61208	1.47412	2.68524	5	50
1000	100369	n_p=0.200000	WulffNilsenOracle (k=3)	0.386589	38585	80831	8.293e-07	0	0	2420240	76164	1.53453	2.86067	5	50
1000	100369	n_p=0.200000	WulffNilsenOracle (k=3)	0.326723	32113	70526	9.0916e-07	0	0	2019856	63220	1.39338	2.96054	5	50
1000	100369	n_p=0.200000	WulffNilsenOracle (k=3)	0.346506	27424	73134	8.523e-07	0	0	1719272	53842	1.42576	2.90487	5	50
1000	100369	n_p=0.200000	WulffNilsenOracle (k=3)	0.650591	38246	130660	8.3378e-07	0	0	2370600	75486	1.37906	2.19944	5	50
1000	100369	n_p=0.200000	WulffNilsenOracle (k=3)	0.3543	34057	72364	9.52e-07	0	0	2137104	67108	1.58572	2.93026	5	50
1000	100369	n_p=0.200000	WulffNilsenOracle (k=3)	0.417385	28760	82240	9.8736e-07	0	0	1792840	56514	1.38578	2.17528	5	50
1000	100369	n_p=0.200000	ThorupZwickOracle (k=15)	0.202517	25366	84961	2.38214e-06	0	0	955408	36702	1.54916	2.58012	29	50
1000	100369	n_p=0.200000	ThorupZwickOracle (k=15)	0.196634	25389	85812	2.54942e-06	0	0	953352	36748	1.60175	2.60246	29	50
1000	100369	n_p=0.200000	ThorupZwickOracle (k=15)	0.223823	25412	90681	2.57416e-06	0	0	955840	36794	1.43978	2.18944	29	50
1000	100369	n_p=0.200000	ThorupZwickOracle (k=15)	0.226273	25432	89700	2.22746e-06	0	0	957072	36834	1.5137	4.50825	29	50
1000	100369	n_p=0.200000	ThorupZwickOracle (k=15)	0.142241	23622	76646	2.4169e-06	0	0	859088	33214	1.59414	3.78416	29	50
1000	100369	n_p=0.200000	ThorupZwickOracle (k=15)	0.176508	24078	80774	2.15262e-06	0	0	882528	34126	1.47912	2.2581	29	50
1000	100369	n_p=0.200000	ThorupZwickOracle (k=15)	0.162677	23365	80048	2.15716e-06	0	0	840968	32700	1.48084	2.10116	29	50
1000	100369	n_p=0.200000	ThorupZwickOracle (k=15)	0.169069	24493	81817	2.44274e-06	0	0	909064	34956	1.48925	3.03656	29	50
1000	100369	n_p=0.200000	ThorupZwickOracle (k=15)	0.166733	23782	80976	2.48414e-06	0	0	868864	33534	1.48439	2.36673	29	50
1000	100369	n_p=0.200000	ThorupZwickOracle (k=15)	0.153339	25217	78255	2.72616e-06	0	0	951864	36404	1.66862	3.20364	29	50
1000	100369	n_p=0.200000	WulffNilsenOracle (k=15)	0.19502	24356	85028	2.44364e-06	0	0	1035800	40540	1.41846	2.47603	29	50
1000	100369	n_p=0.200000	WulffNilsenOracle (k=15)	0.174244	23782	80169	1.59988e-06	0	0	1004968	39402	1.46271	3.89814	29	50
1000	100369	n_p=0.200000	WulffNilsenOracle (k=15)	0.22667	25561	89974	2.2174e-06	0	0	1106640	43056	1.56433	2.70625	29	50
1000	100369	n_p=0.200000	WulffNilsenOracle (k=15)	0.242507	25938	87631	2.352e-06	0	0	1128952	43650	1.57004	3.01576	29	50
1000	100369	n_p=0.200000	WulffNilsenOracle (k=15)	0.226796	25249	82402	1.95038e-06	0	0	1100000	42428	1.8495	3.83345	29	50
1000	100369	n_p=0.200000	WulffNilsenOracle (k=15)	0.219526	25034	86022	1.99668e-06	0	0	1080216	41898	1.6485	3.82244	29	50
1000	100369	n_p=0.200000	WulffNilsenOracle (k=15)	0.244335	24660	85345	2.10464e-06	0	0	1056776	41138	1.72075	3.89814	29	50
1000	100369	n_p=0.200000	WulffNilsenOracle (k=15)	0.154793	22492	75903	1.69482e-06	0	0	939288	36780	1.46622	3.32203	29	50
1000	100369	n_p=0.200000	WulffNilsenOracle (k=15)	0.219868	25005	85361	2.48542e-06	0	0	1076624	41820	1.60608	3.66029	29	50
1000	100369	n_p=0.200000	WulffNilsenOracle (k=15)	0.191609	24188	80980	1.79254e-06	0	0	1031688	40190	1.59033	3.92477	29	50
1000	124571	n_p=0.250000	ThorupZwickOracle (k=3)	0.460522	28655	68904	1.404e-06	0	0	1783688	55304	1.38142	2.34334	5	50
1000	124571	n_p=0.250000	ThorupZwickOracle (k=3)	0.525122	31247	71500	1.00806e-06	0	0	1946536	60488	1.39679	2.25763	5	50
1000	124571	n_p=0.250000	ThorupZwickOracle (k=3)	0.536727	33396	85654	9.2956e-07	0	0	2065520	64786	1.55285	3.01452	5	50
1000	124571	n_p=0.250000	ThorupZwickOracle (k=3)	0.436539	29627	74021	1.08296e-06	0	0	1839032	57248	1.39722	2.48052	5	50
1000	124571	n_p=0.250000	ThorupZwickOracle (k=3)	0.399196	29887	65964	1.35908e-06	0	0	1856744	57768	1.35183	2.22012	5	50
1000	124571	n_p=0.250000	ThorupZwickOracle (k=3)	0.528573	31015	87499	1.13222e-06	0	0	1908152	60024	1.37632	2.49338	5	50
1000	124571	n_p=0.250000	ThorupZwickOracle (k=3)	0.464102	28800	77166	9.115e-07	0	0	1775488	55594	1.47598	2.63985	5	50
1000	124571	n_p=0.250000	ThorupZwickOracle (k=3)	0.393976	27768	68240	9.2238e-07	0	0	1721152	53530	1.2607	1.81217	5	50
1000	124571	n_p=0.250000	ThorupZwickOracle (k=3)	0.479727	28461	81175	9.387e-07	0	0	1761624	54916	1.29636	2.53381	5	50
1000	124571	n_p=0.250000	ThorupZwickOracle (k=3)	0.509076	31443	84403	9.5246e-07	0	0	1941736	60880	1.4281	2.63761	5	50
1000	124571	n_p=0.250000	WulffNilsenOracle (k=3)	0.366527	39615	69089	7.4076e-07	0	0	2507632	78224	1.52417	2.42183	5	50
1000	124571	n_p=0.250000	WulffNilsenOracle (k=3)	0.329071	31919	64258	8.4206e-07	0	0	2012176	62832	1.39737	2.48421	5	50
1000	124571	n_p=0.250000	WulffNilsenOracle (k=3)	0.547528	29891	99072	8.7014e-07	0	0	1862800	58776	1.30134	2.03777	5	50
1000	124571	n_p=0.250000	WulffNilsenOracle (k=3)	0.637542	36257	104997	8.5122e-07	0	0	2259440	71508	1.49054	2.41402	5	50
1000	124571	n_p=0.250000	WulffNilsenOracle (k=3)	0.418825	25690	65975	1.02756e-06	0	0	1624008	50374	1.41438	2.2929	5	50
1000	124571	n_p=0.250000	WulffNilsenOracle (k=3)	0.517053	29314	77771	1.03876e-06	0	0	1839384	57622	1.44936	2.65661	5	50
1000	124571	n_p=0.250000	WulffNilsenOracle (k=3)	0.506201	31997	80649	1.07182e-06	0	0	2009600	62988	1.51173	3.34475	5	50
1000	124571	n_p=0.250000	WulffNilsenOracle (k=3)	0.581867	29241	85224	1.04496e-06	0	0	1826848	57476	1.33128	2.36299	5	50
1000	124571	n_p=0.250000	WulffNilsenOracle (k=3)	0.462123	26912	75302	9.9592e-07	0	0	1686024	52818	1.3745	2.24104	5	50
1000	124571	n_p=0.250000	WulffNilsenOracle (k=3)	0.575377	31642	92120	1.28778e-06	0	0	1971192	62278	1.39971	2.71574	5	50
1000	124571	n_p=0.250000	ThorupZwickOracle (k=15)	0.248931	24525	88178	2.62858e-06	0	0	904136	35020	1.54228	2.99086	29	50
1000	124571	n_p=0.250000	ThorupZwickOracle (k=15)	0.199717	24421	83471	2.64974e-06	0	0	904344	34812	1.54508	2.53941	29	50
1000	124571	n_p=0.250000	ThorupZwickOracle (k=15)	0.175929	23878	79576	2.31624e-06	0	0	880816	33726	1.53896	3.06608	29	50
1000	124571	n_p=0.250000	ThorupZwickOracle (k=15)	0.203861	25141	84953	2.40796e-06	0	0	946600	36252	1.44629	2.21856	29	50
1000	124571	n_p=0.250000	ThorupZwickOracle (k=15)	0.168421	23894	80201	2.3204e-06	0	0	877376	33758	1.52834	2.39272	29	50
1000	124571	n_p=0.250000	ThorupZwickOracle (k=15)	0.237512	27207	91605	2.64504e-06	0	0	1082056	40384	1.60559	3.08751	29	50
1000	124571	n_p=0.250000	ThorupZwickOracle (k=15)	0.197874	24890	84561	2.26668e-06	0	0	932928	35750	1.54101	2.75557	29	50
1000	124571	n_p=0.250000	ThorupZwickOracle (k=15)	0.19886	23896	84148	2.05878e-06	0	0	874576	33762	1.45867	2.32032	29	50
1000	124571	n_p=0.250000	ThorupZwickOracle (k=15)	0.202343	25200	84911	2.50216e-06	0	0	951408	36370	1.62738	3.67754	29	50
1000	124571	n_p=0.250000	ThorupZwickOracle (k=15)	0.300382	27057	99288	2.26382e-06	0	0	1051912	40084	1.5084	3.22929	29	50
1000	124571	n_p=0.250000	WulffNilsenOracle (k=15)	0.176055	24927	80270	1.27282e-06	0	0	1081552	41742	1.50716	2.63562	29	50
1000	124571	n_p=0.250000	WulffNilsenOracle (k=15)	0.195319	24392	84164	1.46344e-06	0	0	1042520	40574	1.44786	2.89186	29	50
1000	124571	n_p=0.250000	WulffNilsenOracle (k=15)	0.194919	23968	83308	1.28756e-06	0	0	1021000	39868	1.54256	3.50918	29	50
1000	124571	n_p=0.250000	WulffNilsenOracle (k=15)	0.198752	24907	85182	1.38732e-06	0	0	1070256	41688	1.56646	2.34976	29	50
1000	124571	n_p=0.250000	WulffNilsenOracle (k=15)	0.251694	25510	94149	1.35982e-06	0	0	1103880	42892	1.37468	2.4679	29	50
1000	124571	n_p=0.250000	WulffNilsenOracle (k=15)	0.174813	24976	81133	1.25204e-06	0	0	1086872	41846	1.44864	2.41726	29	50
1000	124571	n_p=0.250000	WulffNilsenOracle (k=15)	0.203608	25166	85298	1.49818e-06	0	0	1087912	42070	1.59624	3.1968	29	50
1000	124571	n_p=0.250000	WulffNilsenOracle (k=15)	0.206233	25925	86013	1.46652e-06	0	0	1145520	43780	1.49616	2.67826	29	50
1000	124571	n_p=0.250000	WulffNilsenOracle (k=15)	0.191767	24009	84071	1.44334e-06	0	0	1018784	39730	1.46544	2.49191	29	50
1000	124571	n_p=0.250000	WulffNilsenOracle (k=15)	0.201827	24976	85245	1.54698e-06	0	0	1074200	41580	1.56832	3.0818	29	50
1000	149695	n_p=0.300000	ThorupZwickOracle (k=3)	0.470557	29203	74863	1.02588e-06	0	0	1808072	56400	1.39606	2.72382	5	50
1000	149695	n_p=0.300000	ThorupZwickOracle (k=3)	0.589224	32279	78162	9.6498e-07	0	0	2005560	62552	1.50115	2.02844	5	50
1000	149695	n_p=0.300000	ThorupZwickOracle (k=3)	0.596016	32762	83466	1.10404e-06	0	0	2038336	63518	1.50932	2.92098	5	50
1000	149695	n_p=0.300000	ThorupZwickOracle (k=3)	0.479197	26479	72309	7.5982e-07	0	0	1636040	50952	1.29381	1.96579	5	50
1000	149695	n_p=0.300000	ThorupZwickOracle (k=3)	0.492835	29422	75485	9.4898e-07	0	0	1835040	56838	1.39066	2.18944	5	50
1000	149695	n_p=0.300000	ThorupZwickOracle (k=3)	0.484851	30990	77117	9.1222e-07	0	0	1923984	59974	1.45544	2.47961	5	50
1000	149695	n_p=0.300000	ThorupZwickOracle (k=3)	0.438512	33781	71512	8.7888e-07	0	0	2096744	65556	1.45539	2.88926	5	50
1000	149695	n_p=0.300000	ThorupZwickOracle (k=3)	0.441815	28367	69671	9.9138e-07	0	0	1764008	54728	1.41356	2.47016	5	50
1000	149695	n_p=0.300000	ThorupZwickOracle (k=3)	0.463228	32867	74938	7.2212e-07	0	0	2047336	63728	1.47409	2.25439	5	50
1000	149695	n_p=0.300000	ThorupZwickOracle (k=3)	0.51601	31665	81810	9.4e-07	0	0	1964008	61324	1.39139	2.54935	5	50
1000	149695	n_p=0.300000	WulffNilsenOracle (k=3)	0.740864	32338	112215	9.475e-07	0	0	2007784	63670	1.28573	2.15726	5	50
1000	149695	n_p=0.300000	WulffNilsenOracle (k=3)	0.600996	29978	88809	8.1134e-07	0	0	1869064	58950	1.31991	2.2524	5	50
1000	149695	n_p=0.300000	WulffNilsenOracle (k=3)	0.560519	29999	84197	9.8672e-07	0	0	1872960	58992	1.44065	2.21066	5	50
1000	149695	n_p=0.300000	WulffNilsenOracle (k=3)	0.349171	26659	55570	8.693e-07	0	0	1671632	52312	1.53632	3.24398	5	50
1000	149695	n_p=0.300000	WulffNilsenOracle (k=3)	0.479265	32999	79161	8.2972e-07	0	0	2064416	64992	1.46915	2.60744	5	50
1000	149695	n_p=0.300000	WulffNilsenOracle (k=3)	0.305116	30077	55029	9.4182e-07	0	0	1895104	59148	1.44759	2.42807	5	50
1000	149695	n_p=0.300000	WulffNilsenOracle (k=3)	0.587302	30325	93004	1.23342e-06	0	0	1890208	59644	1.35076	2.18327	5	50
1000	149695	n_p=0.300000	WulffNilsenOracle (k=3)	0.435655	30096	71752	8.0538e-07	0	0	1882936	59186	1.56529	3.49942	5	50
1000	149695	n_p=0.300000	WulffNilsenOracle (k=3)	0.392851	32970	66852	7.5456e-07	0	0	2063320	64934	1.47599	2.40816	5	50
1000	149695	n_p=0.300000	WulffNilsenOracle (k=3)	0.482594	30027	80220	6.9874e-07	0	0	1875344	59048	1.32199	2.14197	5	50
1000	149695	n_p=0.300000	ThorupZwickOracle (k=15)	0.17472	23307	81387	1.98452e-06	0	0	840680	32584	1.49515	2.42224	29	50
1000	149695	n_p=0.300000	ThorupZwickOracle (k=15)	0.217884	25110	88237	1.97156e-06	0	0	940384	36190	1.42802	2.50089	29	50
1000	149695	n_p=0.300000	ThorupZwickOracle (k=15)	0.178917	23672	81393	2.01766e-06	0	0	861264	33314	1.51787	3.33177	29	50
1000	149695	n_p=0.300000	ThorupZwickOracle (k=15)	0.183818	25079	83483	2.24948e-06	0	0	942776	36128	1.62442	3.23459	29	50
1000	149695	n_p=0.300000	ThorupZwickOracle (k=15)	0.182154	24849	83436	2.29716e-06	0	0	929400	35668	1.48687	2.34545	29	50
1000	149695	n_p=0.300000	ThorupZwickOracle (k=15)	0.217252	24886	87507	2.238e-06	0	0	925888	35742	1.42379	2.76825	29	50
1000	149695	n_p=0.300000	ThorupZwickOracle (k=15)	0.280615	25843	96315	2.9899e-06	0	0	979240	37656	1.40104	2.34517	29	50
1000	149695	n_p=0.300000	ThorupZwickOracle (k=15)	0.288468	26162	96689	2.2764e-06	0	0	1003712	38294	1.47603	2.29593	29	50
1000	149695	n_p=0.300000	ThorupZwickOracle (k=15)	0.191492	25992	84927	2.47658e-06	0	0	1011120	37954	1.48819	2.89645	29	50
1000	149695	n_p=0.300000	ThorupZwickOracle (k=15)	0.183121	24378	82450	2.64886e-06	0	0	904816	34726	1.44158	2.36592	29	50
1000	149695	n_p=0.300000	WulffNilsenOracle (k=15)	0.251467	24875	90882	1.58598e-06	0	0	1066880	41488	1.53616	2.80301	29	50
1000	149695	n_p=0.300000	WulffNilsenOracle (k=15)	0.209351	23780	86509	1.59838e-06	0	0	1008536	39416	1.47027	2.17541	29	50
1000	149695	n_p=0.300000	WulffNilsenOracle (k=15)	0.213647	24865	87113	1.44292e-06	0	0	1075488	41594	1.54943	2.63621	29	50
1000	149695	n_p=0.300000	WulffNilsenOracle (k=15)	0.212383	24548	86182	1.663e-06	0	0	1050424	40788	1.48241	2.61841	29	50
1000	149695	n_p=0.300000	WulffNilsenOracle (k=15)	0.207241	23553	85160	1.31814e-06	0	0	990224	38830	1.49545	2.94052	29	50
1000	149695	n_p=0.300000	WulffNilsenOracle (k=15)	0.32264	25461	101037	1.67244e-06	0	0	1091536	42700	1.38312	2.66035	29	50
1000	149695	n_p=0.300000	WulffNilsenOracle (k=15)	0.222332	25165	87221	1.68496e-06	0	0	1098208	42286	1.64118	2.60543	29	50
1000	149695	n_p=0.300000	WulffNilsenOracle (k=15)	0.312697	24709	90617	2.21606e-06	0	0	1060016	41386	1.63495	3.50505	29	50
1000	149695	n_p=0.300000	WulffNilsenOracle (k=15)	0.376383	25299	96179	1.72352e-06	0	0	1085536	42474	1.41517	2.81633	29	50
1000	149695	n_p=0.300000	WulffNilsenOracle (k=15)	0.252702	24050	86096	1.81654e-06	0	0	1026696	39998	1.43264	2.77569	29	50
1000	174901	n_p=0.350000	ThorupZwickOracle (k=3)	0.747487	29339	81463	1.469e-06	0	0	1812728	56672	1.47359	2.88695	5	50
1000	174901	n_p=0.350000	ThorupZwickOracle (k=3)	0.794701	32573	102204	9.268e-07	0	0	2010008	63140	1.37038	3.13472	5	50
1000	174901	n_p=0.350000	ThorupZwickOracle (k=3)	0.513041	28397	66894	1.32822e-06	0	0	1761928	54788	1.30021	2.08534	5	50
1000	174901	n_p=0.350000	ThorupZwickOracle (k=3)	0.550913	28110	71499	1.06366e-06	0	0	1736960	54214	1.46502	2.78496	5	50
1000	174901	n_p=0.350000	ThorupZwickOracle (k=3)	0.597471	31991	84187	9.1152e-07	0	0	1973464	61976	1.44994	2.01837	5	50
1000	174901	n_p=0.350000	ThorupZwickOracle (k=3)	0.494594	27880	66887	1.35422e-06	0	0	1731056	53754	1.50558	3.08579	5	50
1000	174901	n_p=0.350000	ThorupZwickOracle (k=3)	0.637773	30043	77656	9.7968e-07	0	0	1862024	58080	1.37519	3.07848	5	50
1000	174901	n_p=0.350000	ThorupZwickOracle (k=3)	0.583934	33094	76578	9.8892e-07	0	0	2063232	64182	1.46122	2.28438	5	50
1000	174901	n_p=0.350000	ThorupZwickOracle (k=3)	0.511438	27440	74870	7.6838e-07	0	0	1693664	52874	1.39419	2.61396	5	50
1000	174901	n_p=0.350000	ThorupZwickOracle (k=3)	0.515849	29246	76928	8.6442e-07	0	0	1810992	56486	1.42445	2.51792	5	50
1000	174901	n_p=0.350000	WulffNilsenOracle (k=3)	0.613656	28668	89553	9.634e-07	0	0	1795000	56330	1.34752	1.81653	5	50
1000	174901	n_p=0.350000	WulffNilsenOracle (k=3)	0.453548	31852	70952	7.6596e-07	0	0	2007000	62698	1.49444	2.25442	5	50
1000	174901	n_p=0.350000	WulffNilsenOracle (k=3)	0.504277	27950	75751	8.4244e-07	0	0	1753144	54894	1.4822	2.92145	5	50
1000	174901	n_p=0.350000	WulffNilsenOracle (k=3)	0.36233	34056	60021	7.2168e-07	0	0	2145560	67106	1.46642	2.32462	5	50
1000	174901	n_p=0.350000	WulffNilsenOracle (k=3)	0.443375	39420	71009	9.0044e-07	0	0	2482616	77834	1.48318	3.52193	5	50
1000	174901	n_p=0.350000	WulffNilsenOracle (k=3)	0.757499	28892	98196	1.41e-06	0	0	1798552	56778	1.3602	3.32969	5	50
1000	174901	n_p=0.350000	WulffNilsenOracle (k=3)	0.5012	37255	72458	9.3174e-07	0	0	2341488	73504	1.47551	2.42023	5	50
1000	174901	n_p=0.350000	WulffNilsenOracle (k=3)	0.50313	27647	75194	7.3678e-07	0	0	1732768	54288	1.25107	1.91478	5	50
1000	174901	n_p=0.350000	WulffNilsenOracle (k=3)	0.446214	25045	67942	9.3824e-07	0	0	1574096	49084	1.32545	2.89109	5	50
1000	174901	n_p=0.350000	WulffNilsenOracle (k=3)	0.63459	31973	92605	7.7414e-07	0	0	1998816	62940	1.46661	3.15773	5	50
1000	174901	n_p=0.350000	ThorupZwickOracle (k=15)	0.280595	24838	94152	1.99462e-06	0	0	925360	35646	1.47909	2.68341	29	50
1000	174901	n_p=0.350000	ThorupZwickOracle (k=15)	0.200863	23629	83674	1.90316e-06	0	0	861704	33228	1.45429	2.73045	29	50
1000	174901	n_p=0.350000	ThorupZwickOracle (k=15)	0.402939	27961	110013	2.41122e-06	0	0	1109976	41892	1.57999	2.85047	29	50
1000	174901	n_p=0.350000	ThorupZwickOracle (k=15)	0.241195	24836	89881	2.07792e-06	0	0	926912	35642	1.47038	3.52449	29	50
1000	174901	n_p=0.350000	ThorupZwickOracle (k=15)	0.19809	23717	84485	1.84836e-06	0	0	863928	33404	1.43487	3.46024	29	50
1000	174901	n_p=0.350000	ThorupZwickOracle (k=15)	0.279831	25372	94438	2.18368e-06	0	0	951728	36714	1.53583	3.21135	29	50
1000	174901	n_p=0.350000	ThorupZwickOracle (k=15)	0.1966	23604	83254	1.92534e-06	0	0	856816	33178	1.41282	2.53796	29	50
1000	174901	n_p=0.350000	ThorupZwickOracle (k=15)	0.200301	23844	84416	2.18994e-06	0	0	870672	33658	1.58219	3.39496	29	50
1000	174901	n_p=0.350000	ThorupZwickOracle (k=15)	0.278844	24885	93707	2.40906e-06	0	0	927848	35740	1.41556	2.28793	29	50
1000	174901	n_p=0.350000	ThorupZwickOracle (k=15)	0.23939	24665	89029	1.85058e-06	0	0	917064	35300	1.45204	2.91468	29	50
1000	174901	n_p=0.350000	WulffNilsenOracle (k=15)	0.283073	25749	94507	1.4031e-06	0	0	1123696	43358	1.52776	2.5899	29	50
1000	174901	n_p=0.350000	WulffNilsenOracle (k=15)	0.201066	23897	84960	1.46474e-06	0	0	1021776	39824	1.53312	3.73581	29	50
1000	174901	n_p=0.350000	WulffNilsenOracle (k=15)	0.232545	23294	87154	1.40978e-06	0	0	981656	38526	1.50165	2.89109	29	50
1000	174901	n_p=0.350000	WulffNilsenOracle (k=15)	0.206572	24763	85832	1.42126e-06	0	0	1068128	41426	1.50492	2.55334	29	50
1000	174901	n_p=0.350000	WulffNilsenOracle (k=15)	0.235266	23790	88933	1.34186e-06	0	0	1009752	39500	1.54193	3.32969	29	50
1000	174901	n_p=0.350000	WulffNilsenOracle (k=15)	0.200451	23851	85215	1.44238e-06	0	0	1007424	39366	1.36887	2.2141	29	50
1000	174901	n_p=0.350000	WulffNilsenOracle (k=15)	0.234339	23564	87613	1.36766e-06	0	0	989416	38860	1.45455	2.72587	29	50
1000	174901	n_p=0.350000	WulffNilsenOracle (k=15)	0.197473	23158	84038	1.45232e-06	0	0	978648	38146	1.4282	2.45609	29	50
1000	174901	n_p=0.350000	WulffNilsenOracle (k=15)	0.207426	24753	84850	2.06732e-06	0	0	1073312	41330	1.58274	3.07053	29	50
1000	174901	n_p=0.350000	WulffNilsenOracle (k=15)	0.317012	24678	93631	1.76794e-06	0	0	1056184	41302	1.41447	2.59479	29	50
1000	199745	n_p=0.400000	ThorupZwickOracle (k=3)	0.677314	27101	80843	8.9076e-07	0	0	1669496	52196	1.44328	2.30093	5	50
1000	199745	n_p=0.400000	ThorupZwickOracle (k=3)	0.462843	27218	62778	9.6452e-07	0	0	1687744	52430	1.5647	3.25868	5	50
1000	199745	n_p=0.400000	ThorupZwickOracle (k=3)	0.698318	30378	88600	8.5024e-07	0	0	1876288	58750	1.50224	2.95013	5	50
1000	199745	n_p=0.400000	ThorupZwickOracle (k=3)	0.630862	28804	82821	8.226e-07	0	0	1777072	55602	1.39163	2.93032	5	50
1000	199745	n_p=0.400000	ThorupZwickOracle (k=3)	0.742216	28640	96388	8.46e-07	0	0	1759664	55274	1.4158	3.20484	5	50
1000	199745	n_p=0.400000	ThorupZwickOracle (k=3)	0.81469	31343	103476	9.0962e-07	0	0	1924504	60680	1.43257	2.62826	5	50
1000	199745	n_p=0.400000	ThorupZwickOracle (k=3)	0.798351	35158	102772	8.6142e-07	0	0	2161648	68310	1.55421	3.23864	5	50
1000	199745	n_p=0.400000	ThorupZwickOracle (k=3)	0.879579	34021	110932	9.3022e-07	0	0	2089448	66036	1.45062	2.43397	5	50
1000	199745	n_p=0.400000	ThorupZwickOracle (k=3)	0.82881	33395	105595	9.6958e-07	0	0	2046152	64784	1.4555	2.55969	5	50
1000	199745	n_p=0.400000	ThorupZwickOracle (k=3)	0.890468	32246	113438	8.4008e-07	0	0	1974208	62486	1.38979	2.37676	5	50
1000	199745	n_p=0.400000	WulffNilsenOracle (k=3)	0.658253	28574	86734	9.0552e-07	0	0	1789912	56142	1.3819	2.57918	5	50
1000	199745	n_p=0.400000	WulffNilsenOracle (k=3)	0.774646	32607	91220	1.01064e-06	0	0	2035264	64208	1.59432	3.60396	5	50
1000	199745	n_p=0.400000	WulffNilsenOracle (k=3)	0.75088	34898	89097	8.9624e-07	0	0	2189336	68790	1.62012	2.54665	5	50
1000	199745	n_p=0.400000	WulffNilsenOracle (k=3)	0.67897	30483	84586	9.1898e-07	0	0	1903952	59960	1.46523	2.77623	5	50
1000	199745	n_p=0.400000	WulffNilsenOracle (k=3)	0.474392	35642	67147	8.578e-07	0	0	2234904	70278	1.62968	3.57179	5	50
1000	199745	n_p=0.400000	WulffNilsenOracle (k=3)	0.67518	28280	86720	8.7684e-07	0	0	1762632	55554	1.38074	2.86542	5	50
1000	199745	n_p=0.400000	WulffNilsenOracle (k=3)	0.698499	29109	91905	8.1038e-07	0	0	1818336	57212	1.4165	2.63896	5	50
1000	199745	n_p=0.400000	WulffNilsenOracle (k=3)	0.494739	33436	69447	7.9322e-07	0	0	2116520	65866	1.55654	3.20484	5	50
1000	199745	n_p=0.400000	WulffNilsenOracle (k=3)	0.547691	31986	72519	9.1118e-07	0	0	2024392	62966	1.41624	2.65561	5	50
1000	199745	n_p=0.400000	WulffNilsenOracle (k=3)	0.696424	28542	91743	9.0216e-07	0	0	1785592	56078	1.43467	2.76819	5	50
1000	199745	n_p=0.400000	ThorupZwickOracle (k=15)	0.265561	24454	91492	2.16328e-06	0	0	903984	34878	1.50043	3.26918	29	50
1000	199745	n_p=0.400000	ThorupZwickOracle (k=15)	0.263591	23648	90295	2.15934e-06	0	0	856672	33266	1.41484	2.74508	29	50
1000	199745	n_p=0.400000	ThorupZwickOracle (k=15)	0.233027	24745	86494	2.24528e-06	0	0	927464	35460	1.5544	3.06672	29	50
1000	199745	n_p=0.400000	ThorupZwickOracle (k=15)	0.229487	24416	87578	2.07422e-06	0	0	900096	34802	1.49108	3.48647	29	50
1000	199745	n_p=0.400000	ThorupZwickOracle (k=15)	0.229375	23649	85388	2.35646e-06	0	0	855576	33268	1.5364	2.83834	29	50
1000	199745	n_p=0.400000	ThorupZwickOracle (k=15)	0.36554	26066	102288	2.31964e-06	0	0	996432	38102	1.59301	3.34829	29	50
1000	199745	n_p=0.400000	ThorupZwickOracle (k=15)	0.226753	23559	86345	2.38152e-06	0	0	852568	33088	1.35432	2.56406	29	50
1000	199745	n_p=0.400000	ThorupZwickOracle (k=15)	0.32548	25448	97386	2.2263e-06	0	0	954288	36866	1.5535	3.11446	29	50
1000	199745	n_p=0.400000	ThorupZwickOracle (k=15)	0.253395	27175	90874	1.99012e-06	0	0	1072024	40320	1.53167	2.74634	29	50
1000	199745	n_p=0.400000	ThorupZwickOracle (k=15)	0.221696	23376	85694	1.94732e-06	0	0	846016	32722	1.42501	2.27837	29	50
1000	199745	n_p=0.400000	WulffNilsenOracle (k=15)	0.311283	24444	96050	1.33076e-06	0	0	1036856	40638	1.55063	2.54366	29	50
1000	199745	n_p=0.400000	WulffNilsenOracle (k=15)	0.275996	25164	92054	1.36308e-06	0	0	1091592	42244	1.55019	2.62649	29	50
1000	199745	n_p=0.400000	WulffNilsenOracle (k=15)	0.232989	24523	86553	1.33338e-06	0	0	1058944	40976	1.68754	2.80423	29	50
1000	199745	n_p=0.400000	WulffNilsenOracle (k=15)	0.227139	23057	84943	1.35104e-06	0	0	970624	37970	1.44044	2.35565	29	50
1000	199745	n_p=0.400000	WulffNilsenOracle (k=15)	0.241582	25359	88369	1.6631e-06	0	0	1101584	42570	1.48035	3.14152	29	50
1000	199745	n_p=0.400000	WulffNilsenOracle (k=15)	0.215851	22250	84057	1.28584e-06	0	0	925176	36340	1.39676	2.89958	29	50
1000	199745	n_p=0.400000	WulffNilsenOracle (k=15)	0.223407	23353	86514	1.34766e-06	0	0	980400	38380	1.55194	2.50146	29	50
1000	199745	n_p=0.400000	WulffNilsenOracle (k=15)	0.27213	23947	91192	1.92544e-06	0	0	1014272	39716	1.53656	2.65325	29	50
1000	199745	n_p=0.400000	WulffNilsenOracle (k=15)	0.288626	24783	92021	1.79228e-06	0	0	1064320	41474	1.71643	4.44165	29	50
1000	199745	n_p=0.400000	WulffNilsenOracle (k=15)	0.254556	24895	87393	1.77776e-06	0	0	1081392	41762	1.59967	2.52316	29	50
1000	224959	n_p=0.450000	ThorupZwickOracle (k=3)	0.604852	34524	75532	8.5052e-07	0	0	2143152	67042	1.45444	2.39254	5	50
1000	224959	n_p=0.450000	ThorupZwickOracle (k=3)	0.778174	35865	95505	7.7428e-07	0	0	2224280	69724	1.41818	2.43497	5	50
1000	224959	n_p=0.450000	ThorupZwickOracle (k=3)	0.731167	35400	90644	7.1006e-07	0	0	2198976	68794	1.55221	2.74231	5	50
1000	224959	n_p=0.450000	ThorupZwickOracle (k=3)	0.708811	37007	87808	7.497e-07	0	0	2288680	72008	1.54459	2.86693	5	50
1000	224959	n_p=0.450000	ThorupZwickOracle (k=3)	0.796851	30333	94779	1.00916e-06	0	0	1871880	58660	1.46113	3.46818	5	50
1000	224959	n_p=0.450000	ThorupZwickOracle (k=3)	0.667065	31337	81515	9.3748e-07	0	0	1931080	60668	1.46055	2.38929	5	50
1000	224959	n_p=0.450000	ThorupZwickOracle (k=3)	0.77014	40395	96619	8.2356e-07	0	0	2519832	78784	1.52466	2.44718	5	50
1000	224959	n_p=0.450000	ThorupZwickOracle (k=3)	0.798383	32570	97135	7.9598e-07	0	0	2017280	63134	1.46661	2.42557	5	50
1000	224959	n_p=0.450000	ThorupZwickOracle (k=3)	0.739843	30655	91054	8.0978e-07	0	0	1887064	59304	1.3806	2.4131	5	50
1000	224959	n_p=0.450000	ThorupZwickOracle (k=3)	0.684061	27564	82545	1.21524e-06	0	0	1696672	53122	1.33787	2.18784	5	50
1000	224959	n_p=0.450000	WulffNilsenOracle (k=3)	0.632189	42826	76364	7.9608e-07	0	0	2712744	84646	1.42445	2.49389	5	50
1000	224959	n_p=0.450000	WulffNilsenOracle (k=3)	1.05755	31923	124327	7.8728e-07	0	0	1977168	62840	1.3767	2.3403	5	50
1000	224959	n_p=0.450000	WulffNilsenOracle (k=3)	1.07374	33605	126266	7.7388e-07	0	0	2072224	66204	1.53841	3.05928	5	50
1000	224959	n_p=0.450000	WulffNilsenOracle (k=3)	0.524918	26242	67292	7.6168e-07	0	0	1648024	51478	1.45137	2.18855	5	50
1000	224959	n_p=0.450000	WulffNilsenOracle (k=3)	0.590339	29940	75512	8.7366e-07	0	0	1880440	58874	1.4841	2.75855	5	50
1000	224959	n_p=0.450000	WulffNilsenOracle (k=3)	0.855096	29019	93113	7.3748e-07	0	0	1814240	57032	1.36396	2.85264	5	50
1000	224959	n_p=0.450000	WulffNilsenOracle (k=3)	0.719508	26509	86419	1.00268e-06	0	0	1661056	52012	1.47802	2.90181	5	50
1000	224959	n_p=0.450000	WulffNilsenOracle (k=3)	0.68016	32562	82818	8.6876e-07	0	0	2045240	64118	1.46334	2.46949	5	50
1000	224959	n_p=0.450000	WulffNilsenOracle (k=3)	0.660785	29168	79299	1.0599e-06	0	0	1826440	57330	1.5272	2.58518	5	50
1000	224959	n_p=0.450000	WulffNilsenOracle (k=3)	0.828153	29916	98974	9.5586e-07	0	0	1871976	58826	1.46467	2.57427	5	50
1000	224959	n_p=0.450000	ThorupZwickOracle (k=15)	0.297469	24696	92686	1.9532e-06	0	0	915280	35362	1.4904	2.3613	29	50
1000	224959	n_p=0.450000	ThorupZwickOracle (k=15)	0.240931	23345	86462	2.00422e-06	0	0	844504	32660	1.55271	2.97984	29	50
1000	224959	n_p=0.450000	ThorupZwickOracle (k=15)	0.293396	24151	92078	2.2259e-06	0	0	888328	34272	1.58976	2.88435	29	50
1000	224959	n_p=0.450000	ThorupZwickOracle (k=15)	0.375301	24619	97500	2.39076e-06	0	0	910648	35208	1.52882	2.3429	29	50
1000	224959	n_p=0.450000	ThorupZwickOracle (k=15)	0.386432	25224	98270	2.67712e-06	0	0	947200	36418	1.73621	3.04277	29	50
1000	224959	n_p=0.450000	ThorupZwickOracle (k=15)	0.433177	26027	102825	2.12892e-06	0	0	992808	38024	1.51451	2.46189	29	50
1000	224959	n_p=0.450000	ThorupZwickOracle (k=15)	0.302664	25140	92866	2.2391e-06	0	0	946512	36250	1.58141	2.8647	29	50
1000	224959	n_p=0.450000	ThorupZwickOracle (k=15)	0.244853	22913	86564	2.07958e-06	0	0	823496	31796	1.44874	3.07958	29	50
1000	224959	n_p=0.450000	ThorupZwickOracle (k=15)	0.261653	24793	87932	2.88524e-06	0	0	932360	35556	1.64652	3.26119	29	50
1000	224959	n_p=0.450000	ThorupZwickOracle (k=15)	0.257794	23712	87641	2.0065e-06	0	0	862096	33394	1.55114	2.91663	29	50
1000	224959	n_p=0.450000	WulffNilsenOracle (k=15)	0.343775	24388	87799	1.33184e-06	0	0	1042968	40574	1.62301	2.93958	29	50
1000	224959	n_p=0.450000	WulffNilsenOracle (k=15)	0.249624	23806	87581	1.50868e-06	0	0	1010024	39408	1.61523	3.73587	29	50
1000	224959	n_p=0.450000	WulffNilsenOracle (k=15)	0.243262	23420	86029	1.19702e-06	0	0	994232	38784	1.61998	2.47867	29	50
1000	224959	n_p=0.450000	WulffNilsenOracle (k=15)	0.295963	24198	91204	1.47266e-06	0	0	1029672	40370	1.4159	2.45601	29	50
1000	224959	n_p=0.450000	WulffNilsenOracle (k=15)	0.293219	28180	92742	1.36656e-06	0	0	1290024	48480	1.6712	3.85512	29	50
1000	224959	n_p=0.450000	WulffNilsenOracle (k=15)	0.259417	24451	87940	1.34802e-06	0	0	1055072	40968	1.70959	3.20057	29	50
1000	224959	n_p=0.450000	WulffNilsenOracle (k=15)	0.395335	25027	100865	1.3955e-06	0	0	1065360	41794	1.56135	2.88435	29	50
1000	224959	n_p=0.450000	WulffNilsenOracle (k=15)	0.35922	24364	92989	1.47006e-06	0	0	1042600	40710	1.55794	2.7832	29	50
1000	224959	n_p=0.450000	WulffNilsenOracle (k=15)	0.460407	25708	98208	2.25154e-06	0	0	1115320	43112	1.59599	2.91902	29	50
1000	224959	n_p=0.450000	WulffNilsenOracle (k=15)	0.362341	25848	89681	1.9559e-06	0	0	1144216	43722	1.52926	3.21671	29	50
1000	250022	n_p=0.500000	ThorupZwickOracle (k=3)	0.676758	25890	77653	9.4234e-07	0	0	1601056	49774	1.40559	2.22046	5	50
1000	250022	n_p=0.500000	ThorupZwickOracle (k=3)	0.856101	29433	95320	8.0914e-07	0	0	1815848	56860	1.2842	2.02795	5	50
1000	250022	n_p=0.500000	ThorupZwickOracle (k=3)	0.676957	26827	79056	1.21996e-06	0	0	1658856	51648	1.38062	2.14949	5	50
1000	250022	n_p=0.500000	ThorupZwickOracle (k=3)	0.945879	32082	98313	9.512e-07	0	0	1980064	62158	1.38933	2.90788	5	50
1000	250022	n_p=0.500000	ThorupZwickOracle (k=3)	1.10209	33540	109614	8.4446e-07	0	0	2066944	65074	1.32816	2.0009	5	50
1000	250022	n_p=0.500000	ThorupZwickOracle (k=3)	0.825181	33797	89942	7.9988e-07	0	0	2084552	65588	1.50023	2.79578	5	50
1000	250022	n_p=0.500000	ThorupZwickOracle (k=3)	0.8983	29516	100644	7.4526e-07	0	0	1813792	57026	1.44926	2.70123	5	50
1000	250022	n_p=0.500000	ThorupZwickOracle (k=3)	0.794417	31652	88348	9.8592e-07	0	0	1949440	61298	1.44805	2.40037	5	50
1000	250022	n_p=0.500000	ThorupZwickOracle (k=3)	0.952254	27159	88467	1.05526e-06	0	0	1670664	52312	1.4103	2.60784	5	50
1000	250022	n_p=0.500000	ThorupZwickOracle (k=3)	0.651254	27214	69471	9.7536e-07	0	0	1685120	52422	1.398	2.59752	5	50
1000	250022	n_p=0.500000	WulffNilsenOracle (k=3)	0.696135	29464	81180	8.4548e-07	0	0	1854840	57922	1.49586	2.63865	5	50
1000	250022	n_p=0.500000	WulffNilsenOracle (k=3)	0.512642	31721	65051	7.4906e-07	0	0	1999728	62436	1.43908	2.87879	5	50
1000	250022	n_p=0.500000	WulffNilsenOracle (k=3)	0.980698	33985	109583	8.1888e-07	0	0	2115216	66964	1.47026	3.13821	5	50
1000	250022	n_p=0.500000	WulffNilsenOracle (k=3)	0.613846	43043	77690	7.221e-07	0	0	2716752	85080	1.42668	2.99461	5	50
1000	250022	n_p=0.500000	WulffNilsenOracle (k=3)	0.605445	30671	72926	6.7312e-07	0	0	1931216	60336	1.43404	3.1712	5	50
1000	250022	n_p=0.500000	WulffNilsenOracle (k=3)	0.846584	29511	95628	8.072e-07	0	0	1841856	58016	1.46248	2.83215	5	50
1000	250022	n_p=0.500000	WulffNilsenOracle (k=3)	0.683335	34123	81224	9.2042e-07	0	0	2147840	67240	1.45787	2.45633	5	50
1000	250022	n_p=0.500000	WulffNilsenOracle (k=3)	0.739855	29207	85961	8.8854e-07	0	0	1838480	57408	1.3507	2.30426	5	50
1000	250022	n_p=0.500000	WulffNilsenOracle (k=3)	0.874139	31858	97851	8.3892e-07	0	0	1988488	62710	1.47585	2.94107	5	50
1000	250022	n_p=0.500000	WulffNilsenOracle (k=3)	0.588569	30469	68062	1.07484e-06	0	0	1925424	59932	1.38691	2.80279	5	50
1000	250022	n_p=0.500000	ThorupZwickOracle (k=15)	0.328629	24566	95554	2.69416e-06	0	0	911424	35102	1.46315	2.28041	29	50
1000	250022	n_p=0.500000	ThorupZwickOracle (k=15)	0.349321	26028	95489	2.10822e-06	0	0	1004608	38026	1.68032	2.79279	29	50
1000	250022	n_p=0.500000	ThorupZwickOracle (k=15)	0.378624	24689	98980	1.86844e-06	0	0	915544	35348	1.50545	3.16564	29	50
1000	250022	n_p=0.500000	ThorupZwickOracle (k=15)	0.289532	23371	89236	2.13156e-06	0	0	841240	32712	1.42549	2.32189	29	50
1000	250022	n_p=0.500000	ThorupZwickOracle (k=15)	0.392398	25309	100868	1.98068e-06	0	0	951048	36588	1.48246	2.64004	29	50
1000	250022	n_p=0.500000	ThorupZwickOracle (k=15)	0.331107	24558	94527	2.05406e-06	0	0	907808	35086	1.40625	3.15607	29	50
1000	250022	n_p=0.500000	ThorupZwickOracle (k=15)	0.3898	24652	98972	1.90016e-06	0	0	917200	35274	1.51241	3.06193	29	50
1000	250022	n_p=0.500000	ThorupZwickOracle (k=15)	0.329664	23768	93711	2.8538e-06	0	0	866128	33506	1.54179	3.16564	29	50
1000	250022	n_p=0.500000	ThorupZwickOracle (k=15)	0.292872	25322	93065	1.99294e-06	0	0	953376	36614	1.35895	2.62723	29	50
1000	250022	n_p=0.500000	ThorupZwickOracle (k=15)	0.39344	25260	99721	2.1715e-06	0	0	949600	36490	1.57784	3.02947	29	50
1000	250022	n_p=0.500000	WulffNilsenOracle (k=15)	0.415271	25144	99724	1.6642e-06	0	0	1089192	42262	1.56302	2.73195	29	50
1000	250022	n_p=0.500000	WulffNilsenOracle (k=15)	0.451765	26284	104696	1.87776e-06	0	0	1162072	44632	1.62455	3.62924	29	50
1000	250022	n_p=0.500000	WulffNilsenOracle (k=15)	0.321304	24560	89481	1.78788e-06	0	0	1052856	40994	1.54106	2.62585	29	50
1000	250022	n_p=0.500000	WulffNilsenOracle (k=15)	0.548134	25104	104396	1.7204e-06	0	0	1072824	41964	1.49486	3.66059	29	50
1000	250022	n_p=0.500000	WulffNilsenOracle (k=15)	0.316703	23026	87927	1.6379e-06	0	0	973960	37958	1.48124	4.17991	29	50
1000	250022	n_p=0.500000	WulffNilsenOracle (k=15)	0.372082	23432	92452	1.51218e-06	0	0	989128	38802	1.48806	3.29748	29	50
1000	250022	n_p=0.500000	WulffNilsenOracle (k=15)	0.301703	23169	88531	1.5365e-06	0	0	977520	38230	1.58581	4.58243	29	50
1000	250022	n_p=0.500000	WulffNilsenOracle (k=15)	0.481293	25848	106363	1.46462e-06	0	0	1126200	43540	1.51502	3.05094	29	50
1000	250022	n_p=0.500000	WulffNilsenOracle (k=15)	0.349929	23800	93772	1.73532e-06	0	0	1006408	39458	1.52965	3.88381	29	50
1000	250022	n_p=0.500000	WulffNilsenOracle (k=15)	0.353045	24152	94080	1.42876e-06	0	0	1031384	40254	1.47539	2.78495	29	50
1000	273930	n_p=0.550000	ThorupZwickOracle (k=3)	0.918802	31063	93614	9.0684e-07	0	0	1923912	60120	1.37885	2.68993	5	50
1000	273930	n_p=0.550000	ThorupZwickOracle (k=3)	0.988579	28767	101134	9.2058e-07	0	0	1778408	55528	1.2918	2.01601	5	50
1000	273930	n_p=0.550000	ThorupZwickOracle (k=3)	0.909537	30427	92584	8.4234e-07	0	0	1892760	58848	1.32008	1.95739	5	50
1000	273930	n_p=0.550000	ThorupZwickOracle (k=3)	0.805493	29548	81748	1.05962e-06	0	0	1837136	57090	1.51947	2.80357	5	50
1000	273930	n_p=0.550000	ThorupZwickOracle (k=3)	0.598559	27199	65419	9.7562e-07	0	0	1694568	52392	1.42935	2.96203	5	50
1000	273930	n_p=0.550000	ThorupZwickOracle (k=3)	0.954465	33318	96181	1.0354e-06	0	0	2062352	64630	1.42329	2.63764	5	50
1000	273930	n_p=0.550000	ThorupZwickOracle (k=3)	0.613021	26265	64321	1.0199e-06	0	0	1634664	50524	1.37082	2.88839	5	50
1000	273930	n_p=0.550000	ThorupZwickOracle (k=3)	0.920188	29555	92425	1.05212e-06	0	0	1829864	57104	1.47917	3.43405	5	50
1000	273930	n_p=0.550000	ThorupZwickOracle (k=3)	0.919993	40046	93641	1.0152e-06	0	0	2489104	78086	1.48739	3.5873	5	50
1000	273930	n_p=0.550000	ThorupZwickOracle (k=3)	1.13594	38655	106067	9.1008e-07	0	0	2390904	75304	1.56243	2.78797	5	50
1000	273930	n_p=0.550000	WulffNilsenOracle (k=3)	0.866123	30600	83737	1.01538e-06	0	0	1918072	60194	1.44829	3.16989	5	50
1000	273930	n_p=0.550000	WulffNilsenOracle (k=3)	0.950662	35202	97811	7.9568e-07	0	0	2212504	69398	1.4708	2.62196	5	50
1000	273930	n_p=0.550000	WulffNilsenOracle (k=3)	0.981689	28366	90704	1.3542e-06	0	0	1775256	55726	1.44924	2.80357	5	50
1000	273930	n_p=0.550000	WulffNilsenOracle (k=3)	0.712792	30661	64385	8.1802e-07	0	0	1946080	60316	1.33721	2.72321	5	50
1000	273930	n_p=0.550000	WulffNilsenOracle (k=3)	1.29759	31279	122303	9.5444e-07	0	0	1941200	61552	1.30846	1.96281	5	50
1000	273930	n_p=0.550000	WulffNilsenOracle (k=3)	0.769913	35352	83495	8.2634e-07	0	0	2217320	69698	1.44263	2.97457	5	50
1000	273930	n_p=0.550000	WulffNilsenOracle (k=3)	0.859038	28224	90077	8.2846e-07	0	0	1771864	55442	1.41708	3.01786	5	50
1000	273930	n_p=0.550000	WulffNilsenOracle (k=3)	1.03474	31507	103406	9.708e-07	0	0	1967168	62008	1.45316	2.19443	5	50
1000	273930	n_p=0.550000	WulffNilsenOracle (k=3)	1.3441	32680	123784	1.17738e-06	0	0	2025320	64354	1.34325	2.49756	5	50
1000	273930	n_p=0.550000	WulffNilsenOracle (k=3)	0.785392	34978	83296	8.3194e-07	0	0	2205432	68950	1.39482	2.16947	5	50
1000	273930	n_p=0.550000	ThorupZwickOracle (k=15)	0.357655	24211	95129	2.7846e-06	0	0	889736	34392	1.46175	3.81293	29	50
1000	273930	n_p=0.550000	ThorupZwickOracle (k=15)	0.416778	25168	102505	2.39208e-06	0	0	942880	36306	1.4618	2.80357	29	50
1000	273930	n_p=0.550000	ThorupZwickOracle (k=15)	0.282932	22665	88303	2.43516e-06	0	0	805464	31300	1.39053	2.17344	29	50
1000	273930	n_p=0.550000	ThorupZwickOracle (k=15)	0.298106	22192	88422	2.24138e-06	0	0	780368	30354	1.37225	2.53858	29	50
1000	273930	n_p=0.550000	ThorupZwickOracle (k=15)	0.30661	23993	90685	2.12582e-06	0	0	879544	33956	1.36129	2.56776	29	50
1000	273930	n_p=0.550000	ThorupZwickOracle (k=15)	0.354354	24331	95400	2.15286e-06	0	0	903800	34632	1.48518	2.11667	29	50
1000	273930	n_p=0.550000	ThorupZwickOracle (k=15)	0.540674	27227	112372	2.56732e-06	0	0	1069192	40424	1.56304	2.50326	29	50
1000	273930	n_p=0.550000	ThorupZwickOracle (k=15)	0.40206	26185	93674	3.0032e-06	0	0	1018744	38340	1.45264	2.23413	29	50
1000	273930	n_p=0.550000	ThorupZwickOracle (k=15)	0.423046	24291	95689	2.70336e-06	0	0	894280	34552	1.59168	2.95215	29	50
1000	273930	n_p=0.550000	ThorupZwickOracle (k=15)	0.33653	24226	91007	2.5646e-06	0	0	895360	34422	1.46855	2.51882	29	50
1000	273930	n_p=0.550000	WulffNilsenOracle (k=15)	0.316476	22668	88756	2.138e-06	0	0	952072	37084	1.32522	3.08622	29	50
1000	273930	n_p=0.550000	WulffNilsenOracle (k=15)	0.358755	24545	90484	1.80672e-06	0	0	1061200	40994	1.56032	3.20566	29	50
1000	273930	n_p=0.550000	WulffNilsenOracle (k=15)	0.339661	23431	90045	1.69244e-06	0	0	1002912	38788	1.47934	3.40468	29	50
1000	273930	n_p=0.550000	WulffNilsenOracle (k=15)	0.362907	24680	95835	1.72568e-06	0	0	1063608	41240	1.5309	2.25914	29	50
1000	273930	n_p=0.550000	WulffNilsenOracle (k=15)	0.343533	26828	94201	1.46714e-06	0	0	1197736	45670	1.54849	2.88926	29	50
1000	273930	n_p=0.550000	WulffNilsenOracle (k=15)	0.72168	28597	128502	1.42106e-06	0	0	1284080	48882	1.46663	2.8736	29	50
1000	273930	n_p=0.550000	WulffNilsenOracle (k=15)	0.351762	23689	94839	1.4937e-06	0	0	995792	39146	1.34348	3.05596	29	50
1000	273930	n_p=0.550000	WulffNilsenOracle (k=15)	0.420961	24729	100765	1.47146e-06	0	0	1057664	41342	1.48919	3.91912	29	50
1000	273930	n_p=0.550000	WulffNilsenOracle (k=15)	0.579937	27153	103505	2.49584e-06	0	0	1215232	46340	1.6179	2.30506	29	50
1000	273930	n_p=0.550000	WulffNilsenOracle (k=15)	0.4606	25426	101726	1.33392e-06	0	0	1106200	42638	1.62094	3.20935	29	50
1000	301047	n_p=0.600000	ThorupZwickOracle (k=3)	0.828658	30877	84557	8.1774e-07	0	0	1916440	59748	1.50024	2.85626	5	50
1000	301047	n_p=0.600000	ThorupZwickOracle (k=3)	0.692404	45571	76636	1.11378e-06	0	0	2879384	89136	1.50044	2.51512	5	50
1000	301047	n_p=0.600000	ThorupZwickOracle (k=3)	1.19536	31549	109914	1.04088e-06	0	0	1941944	61092	1.49311	2.81624	5	50
1000	301047	n_p=0.600000	ThorupZwickOracle (k=3)	0.931409	31259	89790	7.9182e-07	0	0	1933480	60512	1.55516	2.47571	5	50
1000	301047	n_p=0.600000	ThorupZwickOracle (k=3)	0.969954	31095	94663	8.779e-07	0	0	1920824	60184	1.51909	2.6911	5	50
1000	301047	n_p=0.600000	ThorupZwickOracle (k=3)	1.13416	30178	108574	9.735e-07	0	0	1857632	58350	1.40826	2.29219	5	50
1000	301047	n_p=0.600000	ThorupZwickOracle (k=3)	1.03486	32866	101017	9.2408e-07	0	0	2031280	63726	1.4814	2.41298	5	50
1000	301047	n_p=0.600000	ThorupZwickOracle (k=3)	0.727437	42448	77977	8.8334e-07	0	0	2669024	82890	1.51172	3.31609	5	50
1000	301047	n_p=0.600000	ThorupZwickOracle (k=3)	1.02971	29892	97812	9.5816e-07	0	0	1841344	57778	1.46066	2.48222	5	50
1000	301047	n_p=0.600000	ThorupZwickOracle (k=3)	1.17279	31474	104899	1.16072e-06	0	0	1941024	60942	1.5377	2.35438	5	50
1000	301047	n_p=0.600000	WulffNilsenOracle (k=3)	1.04046	36900	100241	8.0434e-07	0	0	2311288	72794	1.49548	2.62602	5	50
1000	301047	n_p=0.600000	WulffNilsenOracle (k=3)	1.0816	33038	101571	1.18736e-06	0	0	2060680	65070	1.48568	2.12795	5	50
1000	301047	n_p=0.600000	WulffNilsenOracle (k=3)	1.00576	28317	87111	9.164e-07	0	0	1773600	55628	1.38313	3.12474	5	50
1000	301047	n_p=0.600000	WulffNilsenOracle (k=3)	1.12296	28801	92340	1.11226e-06	0	0	1799456	56596	1.52683	3.12474	5	50
1000	301047	n_p=0.600000	WulffNilsenOracle (k=3)	1.20085	33699	107109	1.04716e-06	0	0	2097024	66392	1.48461	2.57836	5	50
1000	301047	n_p=0.600000	WulffNilsenOracle (k=3)	0.939659	31047	89453	1.00582e-06	0	0	1939536	61088	1.50484	3.00113	5	50
1000	301047	n_p=0.600000	WulffNilsenOracle (k=3)	0.909878	32792	86854	8.5754e-07	0	0	2058936	64578	1.58659	2.54716	5	50
1000	301047	n_p=0.600000	WulffNilsenOracle (k=3)	1.48278	35646	129273	9.7734e-07	0	0	2206536	70286	1.53983	3.07394	5	50
1000	301047	n_p=0.600000	WulffNilsenOracle (k=3)	1.0047	27737	86442	9.656e-07	0	0	1733104	54468	1.4935	3.10875	5	50
1000	301047	n_p=0.600000	WulffNilsenOracle (k=3)	0.739662	26935	70667	8.5218e-07	0	0	1693984	52864	1.34803	2.22093	5	50
1000	301047	n_p=0.600000	ThorupZwickOracle (k=15)	0.622519	26262	112963	2.24318e-06	0	0	1004256	38494	1.51892	2.47827	29	50
1000	301047	n_p=0.600000	ThorupZwickOracle (k=15)	0.353596	24665	93583	2.1337e-06	0	0	924568	35300	1.64867	2.85983	29	50
1000	301047	n_p=0.600000	ThorupZwickOracle (k=15)	0.417348	24608	96458	2.12314e-06	0	0	914848	35186	1.45336	2.23815	29	50
1000	301047	n_p=0.600000	ThorupZwickOracle (k=15)	0.594987	27062	108892	2.49464e-06	0	0	1063440	40094	1.58752	2.87392	29	50
1000	301047	n_p=0.600000	ThorupZwickOracle (k=15)	0.345609	22834	89689	2.3488e-06	0	0	813152	31638	1.57379	2.51104	29	50
1000	301047	n_p=0.600000	ThorupZwickOracle (k=15)	0.346471	23332	90608	2.76346e-06	0	0	843344	32634	1.53934	2.6118	29	50
1000	301047	n_p=0.600000	ThorupZwickOracle (k=15)	0.3591	24624	92182	2.31506e-06	0	0	921392	35218	1.71558	2.68543	29	50
1000	301047	n_p=0.600000	ThorupZwickOracle (k=15)	0.355166	23733	90796	2.29402e-06	0	0	868504	33436	1.46318	2.35277	29	50
1000	301047	n_p=0.600000	ThorupZwickOracle (k=15)	0.386202	24790	92001	2.17936e-06	0	0	932272	35550	1.55004	2.87974	29	50
1000	301047	n_p=0.600000	ThorupZwickOracle (k=15)	0.343923	23764	91206	3.61508e-06	0	0	872544	33498	1.62	2.53632	29	50
1000	301047	n_p=0.600000	WulffNilsenOracle (k=15)	0.368199	24310	92021	1.52714e-06	0	0	1038552	40522	1.6323	2.71252	29	50
1000	301047	n_p=0.600000	WulffNilsenOracle (k=15)	0.547085	24873	102603	1.67822e-06	0	0	1067008	41548	1.46834	2.32285	29	50
1000	301047	n_p=0.600000	WulffNilsenOracle (k=15)	0.565858	26104	107134	1.59542e-06	0	0	1134120	44002	1.50958	3.29595	29	50
1000	301047	n_p=0.600000	WulffNilsenOracle (k=15)	0.438192	26430	99892	1.66818e-06	0	0	1172504	44744	1.72327	3.95262	29	50
1000	301047	n_p=0.600000	WulffNilsenOracle (k=15)	0.429922	23675	96160	1.74924e-06	0	0	997840	39098	1.48576	2.77611	29	50
1000	301047	n_p=0.600000	WulffNilsenOracle (k=15)	0.376445	22915	90555	2.02142e-06	0	0	963984	37704	1.69545	3.53998	29	50
1000	301047	n_p=0.600000	WulffNilsenOracle (k=15)	0.470042	23639	96012	1.63854e-06	0	0	1001696	39244	1.57874	3.36446	29	50
1000	301047	n_p=0.600000	WulffNilsenOracle (k=15)	0.533043	25237	102428	1.43232e-06	0	0	1095248	42474	1.58401	2.42814	29	50
1000	301047	n_p=0.600000	WulffNilsenOracle (k=15)	0.489592	24820	102142	1.43628e-06	0	0	1063544	41546	1.52912	2.75842	29	50
1000	301047	n_p=0.600000	WulffNilsenOracle (k=15)	0.531424	24367	101173	1.52702e-06	0	0	1040368	40598	1.49607	3.15579	29	50
1000	324651	n_p=0.650000	ThorupZwickOracle (k=3)	0.960873	34717	84552	1.38584e-06	0	0	2171608	67428	1.48168	2.59012	5	50
1000	324651	n_p=0.650000	ThorupZwickOracle (k=3)	1.36951	27997	102168	9.1664e-07	0	0	1729240	53988	1.36983	2.76447	5	50
1000	324651	n_p=0.650000	ThorupZwickOracle (k=3)	0.625535	36936	62543	8.8388e-07	0	0	2323120	71866	1.32172	2.83323	5	50
1000	324651	n_p=0.650000	ThorupZwickOracle (k=3)	1.14904	33166	102726	1.05204e-06	0	0	2046464	64326	1.58184	2.47157	5	50
1000	324651	n_p=0.650000	ThorupZwickOracle (k=3)	1.01222	27233	90740	8.728e-07	0	0	1684200	52460	1.33299	2.47817	5	50
1000	324651	n_p=0.650000	ThorupZwickOracle (k=3)	1.03873	29387	88725	1.04134e-06	0	0	1816824	56768	1.40124	2.52464	5	50
1000	324651	n_p=0.650000	ThorupZwickOracle (k=3)	1.02371	32503	92393	1.01798e-06	0	0	2011128	63000	1.46168	2.39184	5	50
1000	324651	n_p=0.650000	ThorupZwickOracle (k=3)	0.80545	25599	74837	8.2878e-07	0	0	1582136	49192	1.32812	1.9112	5	50
1000	324651	n_p=0.650000	ThorupZwickOracle (k=3)	0.746884	27249	71459	8.7556e-07	0	0	1692952	52492	1.40267	2.56298	5	50
1000	324651	n_p=0.650000	ThorupZwickOracle (k=3)	0.72058	23682	67841	9.7492e-07	0	0	1471456	45358	1.33444	2.38629	5	50
1000	324651	n_p=0.650000	WulffNilsenOracle (k=3)	1.17343	31231	105564	9.2836e-07	0	0	1954224	61456	1.44885	3.60047	5	50
1000	324651	n_p=0.650000	WulffNilsenOracle (k=3)	0.790432	24725	73870	8.4022e-07	0	0	1555984	48444	1.30981	2.9148	5	50
1000	324651	n_p=0.650000	WulffNilsenOracle (k=3)	0.757094	33617	73378	9.0064e-07	0	0	2127600	66228	1.55802	2.67641	5	50
1000	324651	n_p=0.650000	WulffNilsenOracle (k=3)	0.940468	33285	87874	8.6678e-07	0	0	2080240	65564	1.51829	2.62119	5	50
1000	324651	n_p=0.650000	WulffNilsenOracle (k=3)	1.09078	29157	98570	7.8864e-07	0	0	1826848	57308	1.30438	2.05303	5	50
1000	324651	n_p=0.650000	WulffNilsenOracle (k=3)	0.94269	39115	89557	9.9332e-07	0	0	2469584	77224	1.56523	2.94157	5	50
1000	324651	n_p=0.650000	WulffNilsenOracle (k=3)	0.991279	31704	91184	1.29126e-06	0	0	1991096	62402	1.47812	2.4009	5	50
1000	324651	n_p=0.650000	WulffNilsenOracle (k=3)	0.811026	27517	76698	9.694e-07	0	0	1725536	54028	1.37722	3.70767	5	50
1000	324651	n_p=0.650000	WulffNilsenOracle (k=3)	1.22392	35584	109687	1.05122e-06	0	0	2224776	70162	1.47353	2.45619	5	50
1000	324651	n_p=0.650000	WulffNilsenOracle (k=3)	1.13653	29094	92834	1.00184e-06	0	0	1822728	57182	1.38791	2.75	5	50
1000	324651	n_p=0.650000	ThorupZwickOracle (k=15)	0.495171	23318	101168	2.09672e-06	0	0	835888	32606	1.2871	2.38629	29	50
1000	324651	n_p=0.650000	ThorupZwickOracle (k=15)	0.523435	26603	104219	2.66114e-06	0	0	1039944	39176	1.46431	2.59002	29	50
1000	324651	n_p=0.650000	ThorupZwickOracle (k=15)	0.434826	24023	97256	2.5181e-06	0	0	882824	34016	1.4095	2.72994	29	50
1000	324651	n_p=0.650000	ThorupZwickOracle (k=15)	0.390759	24314	92357	2.31284e-06	0	0	902960	34598	1.42373	2.31418	29	50
1000	324651	n_p=0.650000	ThorupZwickOracle (k=15)	0.608564	25093	109000	2.2874e-06	0	0	931288	36156	1.40163	3.84134	29	50
1000	324651	n_p=0.650000	ThorupZwickOracle (k=15)	0.387551	24082	92058	3.05166e-06	0	0	890944	34134	1.49893	2.24709	29	50
1000	324651	n_p=0.650000	ThorupZwickOracle (k=15)	0.568285	26582	104524	2.2196e-06	0	0	1027232	39134	1.53773	3.47979	29	50
1000	324651	n_p=0.650000	ThorupZwickOracle (k=15)	0.43598	24738	98414	2.38582e-06	0	0	921184	35446	1.56212	3.60944	29	50
1000	324651	n_p=0.650000	ThorupZwickOracle (k=15)	0.497696	23861	102043	2.10746e-06	0	0	864360	33692	1.35469	2.21992	29	50
1000	324651	n_p=0.650000	ThorupZwickOracle (k=15)	0.585283	26065	109331	2.5604e-06	0	0	1001496	38100	1.52988	4.36109	29	50
1000	324651	n_p=0.650000	WulffNilsenOracle (k=15)	0.37649	23941	91654	1.6702e-06	0	0	1026432	39886	1.6574	3.06449	29	50
1000	324651	n_p=0.650000	WulffNilsenOracle (k=15)	0.374626	23748	91381	1.49382e-06	0	0	1008552	39342	1.47769	4.12556	29	50
1000	324651	n_p=0.650000	WulffNilsenOracle (k=15)	0.46041	23779	96131	1.95778e-06	0	0	1010752	39480	1.63412	3.74439	29	50
1000	324651	n_p=0.650000	WulffNilsenOracle (k=15)	0.468192	23935	96722	1.4964e-06	0	0	1013936	39740	1.52347	2.22428	29	50
1000	324651	n_p=0.650000	WulffNilsenOracle (k=15)	0.436676	23704	96926	1.51474e-06	0	0	1006808	39278	1.45772	2.32184	29	50
1000	324651	n_p=0.650000	WulffNilsenOracle (k=15)	0.424587	24384	98449	1.44586e-06	0	0	1037320	40626	1.62982	3.81081	29	50
1000	324651	n_p=0.650000	WulffNilsenOracle (k=15)	0.441171	26077	99592	1.6146e-06	0	0	1152432	44030	1.78737	4.01794	29	50
1000	324651	n_p=0.650000	WulffNilsenOracle (k=15)	0.369283	25221	93335	1.77798e-06	0	0	1091088	42096	1.68597	4.0316	29	50
1000	324651	n_p=0.650000	WulffNilsenOracle (k=15)	0.562588	25440	108565	1.7832e-06	0	0	1092904	42574	1.47129	4.35789	29	50
1000	324651	n_p=0.650000	WulffNilsenOracle (k=15)	0.409821	23729	96751	1.3187e-06	0	0	1010080	39436	1.52636	3.28095	29	50
1000	349856	n_p=0.700000	ThorupZwickOracle (k=3)	1.03137	28706	88990	9.4208e-07	0	0	1770096	55406	1.38389	3.8532	5	50
1000	349856	n_p=0.700000	ThorupZwickOracle (k=3)	0.721831	26099	66492	1.08078e-06	0	0	1617960	50192	1.40575	2.45062	5	50
1000	349856	n_p=0.700000	ThorupZwickOracle (k=3)	1.0262	26270	81450	1.08504e-06	0	0	1620592	50534	1.36528	2.20897	5	50
1000	349856	n_p=0.700000	ThorupZwickOracle (k=3)	1.2519	30948	106611	9.3988e-07	0	0	1906256	59890	1.46698	2.39279	5	50
1000	349856	n_p=0.700000	ThorupZwickOracle (k=3)	0.995017	27735	88258	8.5956e-07	0	0	1713320	53464	1.39992	2.04135	5	50
1000	349856	n_p=0.700000	ThorupZwickOracle (k=3)	1.38326	31566	117416	9.7964e-07	0	0	1935328	61126	1.3402	2.18086	5	50
1000	349856	n_p=0.700000	ThorupZwickOracle (k=3)	0.861592	28352	78358	9.929e-07	0	0	1760176	54698	1.43101	2.10243	5	50
1000	349856	n_p=0.700000	ThorupZwickOracle (k=3)	1.09381	30766	96307	8.5504e-07	0	0	1901568	59526	1.51166	2.11981	5	50
1000	349856	n_p=0.700000	ThorupZwickOracle (k=3)	1.07081	27712	93523	8.835e-07	0	0	1707776	53418	1.4232	3.26468	5	50
1000	349856	n_p=0.700000	ThorupZwickOracle (k=3)	0.922158	27422	82639	9.1372e-07	0	0	1691152	52838	1.40249	2.11981	5	50
1000	349856	n_p=0.700000	WulffNilsenOracle (k=3)	0.849578	33182	78624	9.0126e-07	0	0	2086952	65358	1.58571	3.20714	5	50
1000	349856	n_p=0.700000	WulffNilsenOracle (k=3)	0.934748	28175	83662	1.0195e-06	0	0	1768000	55344	1.36818	3.44929	5	50
1000	349856	n_p=0.700000	WulffNilsenOracle (k=3)	1.32767	35930	111768	1.29714e-06	0	0	2243000	70854	1.46044	2.89769	5	50
1000	349856	n_p=0.700000	WulffNilsenOracle (k=3)	1.65613	33715	125143	1.00076e-06	0	0	2087504	66424	1.4187	2.75979	5	50
1000	349856	n_p=0.700000	WulffNilsenOracle (k=3)	0.972531	33642	84001	8.2872e-07	0	0	2117160	66278	1.46017	2.00092	5	50
1000	349856	n_p=0.700000	WulffNilsenOracle (k=3)	1.37821	31688	117701	8.2804e-07	0	0	1966520	62370	1.29047	2.11389	5	50
1000	349856	n_p=0.700000	WulffNilsenOracle (k=3)	0.941552	29857	85307	7.821e-07	0	0	1855984	58708	1.34355	2.10243	5	50
1000	349856	n_p=0.700000	WulffNilsenOracle (k=3)	1.23353	31189	107093	8.8042e-07	0	0	1939376	61372	1.38097	2.86655	5	50
1000	349856	n_p=0.700000	WulffNilsenOracle (k=3)	1.01018	29805	90367	1.04516e-06	0	0	1863648	58604	1.41317	2.51038	5	50
1000	349856	n_p=0.700000	WulffNilsenOracle (k=3)	0.644534	34496	64967	7.3298e-07	0	0	2181576	67986	1.477	2.28425	5	50
1000	349856	n_p=0.700000	ThorupZwickOracle (k=15)	0.36131	23100	92332	2.30796e-06	0	0	838080	32170	1.38481	2.0424	29	50
1000	349856	n_p=0.700000	ThorupZwickOracle (k=15)	0.358461	22885	92579	2.15786e-06	0	0	818696	31740	1.4726	3.02313	29	50
1000	349856	n_p=0.700000	ThorupZwickOracle (k=15)	0.75902	27635	122403	2.22716e-06	0	0	1091080	41240	1.49589	2.37024	29	50
1000	349856	n_p=0.700000	ThorupZwickOracle (k=15)	0.434373	24107	98520	2.11098e-06	0	0	884184	34184	1.44121	3.71508	29	50
1000	349856	n_p=0.700000	ThorupZwickOracle (k=15)	0.364768	23837	93296	2.40464e-06	0	0	871448	33644	1.46814	2.34998	29	50
1000	349856	n_p=0.700000	ThorupZwickOracle (k=15)	0.46937	24371	98891	2.45658e-06	0	0	896552	34712	1.55277	3.77291	29	50
1000	349856	n_p=0.700000	ThorupZwickOracle (k=15)	0.418755	24669	95199	2.50614e-06	0	0	927736	35308	1.48533	2.13318	29	50
1000	349856	n_p=0.700000	ThorupZwickOracle (k=15)	0.468795	25582	100880	2.27388e-06	0	0	977360	37134	1.51241	2.62347	29	50
1000	349856	n_p=0.700000	ThorupZwickOracle (k=15)	0.374288	24370	92891	2.30236e-06	0	0	905488	34710	1.52343	2.26005	29	50
1000	349856	n_p=0.700000	ThorupZwickOracle (k=15)	0.444794	24361	100082	2.175e-06	0	0	903784	34692	1.42732	2.53425	29	50
1000	349856	n_p=0.700000	WulffNilsenOracle (k=15)	0.439671	24386	99169	1.4627e-06	0	0	1036248	40498	1.48447	2.30107	29	50
1000	349856	n_p=0.700000	WulffNilsenOracle (k=15)	0.51549	24895	104642	1.38538e-06	0	0	1068752	41478	1.4817	2.87166	29	50
1000	349856	n_p=0.700000	WulffNilsenOracle (k=15)	0.365155	23676	94082	1.54044e-06	0	0	1001464	39288	1.5856	3.58652	29	50
1000	349856	n_p=0.700000	WulffNilsenOracle (k=15)	0.373254	24020	93212	1.5288e-06	0	0	1029960	40024	1.48148	2.53292	29	50
1000	349856	n_p=0.700000	WulffNilsenOracle (k=15)	0.441025	24192	98150	1.7036e-06	0	0	1031496	40266	1.55834	2.22487	29	50
1000	349856	n_p=0.700000	WulffNilsenOracle (k=15)	0.392903	25637	95916	1.48486e-06	0	0	1130704	43182	1.49723	2.50638	29	50
1000	349856	n_p=0.700000	WulffNilsenOracle (k=15)	0.436397	23896	98111	1.5389e-06	0	0	1010856	39650	1.55764	3.47642	29	50
1000	349856	n_p=0.700000	WulffNilsenOracle (k=15)	0.369017	23801	93852	1.51472e-06	0	0	1010528	39392	1.40348	2.53403	29	50
1000	349856	n_p=0.700000	WulffNilsenOracle (k=15)	0.436304	23689	97776	1.5563e-06	0	0	1003648	39266	1.42679	2.48353	29	50
1000	349856	n_p=0.700000	WulffNilsenOracle (k=15)	0.439056	24116	98453	1.4231e-06	0	0	1032248	40276	1.62735	3.06005	29	50
1000	374356	n_p=0.750000	ThorupZwickOracle (k=3)	1.01746	31054	87449	8.984e-07	0	0	1925520	60102	1.43413	3.91719	5	50
1000	374356	n_p=0.750000	ThorupZwickOracle (k=3)	1.0214	31583	87654	8.7536e-07	0	0	1957432	61160	1.40296	2.53878	5	50
1000	374356	n_p=0.750000	ThorupZwickOracle (k=3)	0.82559	27404	72775	9.433e-07	0	0	1702448	52802	1.4441	2.9723	5	50
1000	374356	n_p=0.750000	ThorupZwickOracle (k=3)	0.926274	29918	81166	7.7676e-07	0	0	1852448	57830	1.38618	3.28527	5	50
1000	374356	n_p=0.750000	ThorupZwickOracle (k=3)	1.32906	33043	110151	8.3608e-07	0	0	2036008	64080	1.37797	2.65467	5	50
1000	374356	n_p=0.750000	ThorupZwickOracle (k=3)	1.50612	28835	120888	9.396e-07	0	0	1765928	55664	1.29564	1.99509	5	50
1000	374356	n_p=0.750000	ThorupZwickOracle (k=3)	1.2444	32009	103667	7.9928e-07	0	0	1979400	62012	1.42724	2.27289	5	50
1000	374356	n_p=0.750000	ThorupZwickOracle (k=3)	1.37775	30350	107480	8.7248e-07	0	0	1874432	58694	1.3324	2.51642	5	50
1000	374356	n_p=0.750000	ThorupZwickOracle (k=3)	0.751645	27486	67996	8.1146e-07	0	0	1709264	52966	1.36871	1.9537	5	50
1000	374356	n_p=0.750000	ThorupZwickOracle (k=3)	1.01221	30032	86391	8.2532e-07	0	0	1863312	58058	1.48658	3.28915	5	50
1000	374356	n_p=0.750000	WulffNilsenOracle (k=3)	1.01065	31022	87205	8.4262e-07	0	0	1941800	61038	1.36114	1.97643	5	50
1000	374356	n_p=0.750000	WulffNilsenOracle (k=3)	1.13728	28600	94777	8.965e-07	0	0	1792680	56194	1.44147	2.57984	5	50
1000	374356	n_p=0.750000	WulffNilsenOracle (k=3)	0.657181	25295	60554	9.1032e-07	0	0	1599728	49584	1.41995	4.10663	5	50
1000	374356	n_p=0.750000	WulffNilsenOracle (k=3)	1.3783	30734	113093	8.9094e-07	0	0	1913208	60462	1.31696	2.28619	5	50
1000	374356	n_p=0.750000	WulffNilsenOracle (k=3)	1.29599	29670	107058	7.7972e-07	0	0	1856840	58334	1.39376	2.38093	5	50
1000	374356	n_p=0.750000	WulffNilsenOracle (k=3)	1.07006	29713	90930	9.2382e-07	0	0	1862000	58420	1.45696	2.53656	5	50
1000	374356	n_p=0.750000	WulffNilsenOracle (k=3)	0.681543	27542	62760	8.7834e-07	0	0	1734360	54078	1.48165	2.49728	5	50
1000	374356	n_p=0.750000	WulffNilsenOracle (k=3)	1.26223	32873	104859	9.5078e-07	0	0	2055552	64740	1.42547	2.61818	5	50
1000	374356	n_p=0.750000	WulffNilsenOracle (k=3)	1.04983	27524	88559	9.3832e-07	0	0	1722104	54042	1.37292	2.29808	5	50
1000	374356	n_p=0.750000	WulffNilsenOracle (k=3)	1.25333	32234	104122	9.5102e-07	0	0	2019112	63462	1.4474	2.82847	5	50
1000	374356	n_p=0.750000	ThorupZwickOracle (k=15)	0.387806	24046	93971	1.98514e-06	0	0	884960	34062	1.38239	2.50187	29	50
1000	374356	n_p=0.750000	ThorupZwickOracle (k=15)	0.463881	24085	99990	2.10892e-06	0	0	884312	34140	1.45372	3.40748	29	50
1000	374356	n_p=0.750000	ThorupZwickOracle (k=15)	0.462157	24020	99387	2.1344e-06	0	0	881504	34010	1.47096	2.29932	29	50
1000	374356	n_p=0.750000	ThorupZwickOracle (k=15)	0.635706	26236	112437	2.02652e-06	0	0	1012096	38442	1.47687	2.90237	29	50
1000	374356	n_p=0.750000	ThorupZwickOracle (k=15)	0.627557	25519	111356	2.14804e-06	0	0	959912	37008	1.4834	2.70127	29	50
1000	374356	n_p=0.750000	ThorupZwickOracle (k=15)	0.475328	24953	101246	1.95244e-06	0	0	933000	35876	1.54113	3.39503	29	50
1000	374356	n_p=0.750000	ThorupZwickOracle (k=15)	0.382368	23031	92485	2.034e-06	0	0	824328	32032	1.47524	3.19604	29	50
1000	374356	n_p=0.750000	ThorupZwickOracle (k=15)	0.470445	24455	100018	2.25628e-06	0	0	904664	34880	1.40445	2.56541	29	50
1000	374356	n_p=0.750000	ThorupZwickOracle (k=15)	0.472245	24684	100377	2.08722e-06	0	0	920816	35338	1.46139	2.98464	29	50
1000	374356	n_p=0.750000	ThorupZwickOracle (k=15)	0.393092	24466	93901	2.24276e-06	0	0	914400	34902	1.60778	4.03011	29	50
1000	374356	n_p=0.750000	WulffNilsenOracle (k=15)	0.560368	25688	105865	1.7706e-06	0	0	1115160	43108	1.50288	2.66101	29	50
1000	374356	n_p=0.750000	WulffNilsenOracle (k=15)	0.522905	25572	101584	1.66272e-06	0	0	1116968	42996	1.50789	3.03793	29	50
1000	374356	n_p=0.750000	WulffNilsenOracle (k=15)	0.411229	23592	93227	1.4372e-06	0	0	1004504	39054	1.53334	3.95969	29	50
1000	374356	n_p=0.750000	WulffNilsenOracle (k=15)	0.402755	24533	95001	1.53266e-06	0	0	1055936	40916	1.5781	3.82578	29	50
1000	374356	n_p=0.750000	WulffNilsenOracle (k=15)	0.401046	24745	95646	1.38732e-06	0	0	1073088	41392	1.54765	2.47245	29	50
1000	374356	n_p=0.750000	WulffNilsenOracle (k=15)	0.411091	24930	96029	1.32674e-06	0	0	1083688	41784	1.43199	2.80976	29	50
1000	374356	n_p=0.750000	WulffNilsenOracle (k=15)	0.54059	23633	103096	1.39896e-06	0	0	994880	39076	1.34588	3.5218	29	50
1000	374356	n_p=0.750000	WulffNilsenOracle (k=15)	0.390296	23178	94269	1.39846e-06	0	0	982888	38348	1.41552	3.75511	29	50
1000	374356	n_p=0.750000	WulffNilsenOracle (k=15)	0.388655	23284	93826	1.29362e-06	0	0	989560	38622	1.54466	3.60678	29	50
1000	374356	n_p=0.750000	WulffNilsenOracle (k=15)	0.475194	24669	101080	1.39034e-06	0	0	1056464	41102	1.5139	3.90216	29	50
1000	399799	n_p=0.800000	ThorupZwickOracle (k=3)	1.54813	30936	118552	8.7134e-07	0	0	1905504	59866	1.33105	2.08918	5	50
1000	399799	n_p=0.800000	ThorupZwickOracle (k=3)	1.0683	29592	85985	9.3704e-07	0	0	1840256	57178	1.40883	2.1938	5	50
1000	399799	n_p=0.800000	ThorupZwickOracle (k=3)	0.905554	29816	75775	9.0962e-07	0	0	1843104	57626	1.436	2.34042	5	50
1000	399799	n_p=0.800000	ThorupZwickOracle (k=3)	1.2421	31485	98158	9.5278e-07	0	0	1947848	60964	1.40553	2.14714	5	50
1000	399799	n_p=0.800000	ThorupZwickOracle (k=3)	1.57221	32388	120102	9.154e-07	0	0	1994064	62770	1.28854	1.93273	5	50
1000	399799	n_p=0.800000	ThorupZwickOracle (k=3)	1.38588	29974	107520	7.989e-07	0	0	1852320	57942	1.37161	3.3764	5	50
1000	399799	n_p=0.800000	ThorupZwickOracle (k=3)	1.10625	26802	88291	8.1558e-07	0	0	1660608	51598	1.26242	1.82832	5	50
1000	399799	n_p=0.800000	ThorupZwickOracle (k=3)	1.22182	29098	95806	9.589e-07	0	0	1794128	56190	1.41095	2.72775	5	50
1000	399799	n_p=0.800000	ThorupZwickOracle (k=3)	1.20258	28020	95134	8.1138e-07	0	0	1736112	54034	1.27383	1.83011	5	50
1000	399799	n_p=0.800000	ThorupZwickOracle (k=3)	1.01034	32112	83855	8.6528e-07	0	0	1991520	62218	1.43362	2.44322	5	50
1000	399799	n_p=0.800000	WulffNilsenOracle (k=3)	0.937946	32379	78869	8.3714e-07	0	0	2035408	63752	1.44597	2.81643	5	50
1000	399799	n_p=0.800000	WulffNilsenOracle (k=3)	1.09605	32041	88992	1.1721e-06	0	0	2003168	63076	1.48541	2.78135	5	50
1000	399799	n_p=0.800000	WulffNilsenOracle (k=3)	1.20031	29653	91339	8.765e-07	0	0	1853872	58300	1.32616	1.8219	5	50
1000	399799	n_p=0.800000	WulffNilsenOracle (k=3)	0.955089	26811	78128	9.4524e-07	0	0	1685920	52616	1.37591	2.14923	5	50
1000	399799	n_p=0.800000	WulffNilsenOracle (k=3)	1.60507	33211	121294	9.5812e-07	0	0	2063904	65416	1.37861	2.73962	5	50
1000	399799	n_p=0.800000	WulffNilsenOracle (k=3)	0.866515	30752	71619	9.074e-07	0	0	1933384	60498	1.4322	2.40757	5	50
1000	399799	n_p=0.800000	WulffNilsenOracle (k=3)	0.707812	24909	60389	9.3902e-07	0	0	1569056	48812	1.40569	2.71815	5	50
1000	399799	n_p=0.800000	WulffNilsenOracle (k=3)	1.09274	25785	81956	8.937e-07	0	0	1618144	50564	1.29872	1.95573	5	50
1000	399799	n_p=0.800000	WulffNilsenOracle (k=3)	1.32279	30103	101615	1.03602e-06	0	0	1884288	59200	1.45811	2.73864	5	50
1000	399799	n_p=0.800000	WulffNilsenOracle (k=3)	1.06536	28261	84974	8.6586e-07	0	0	1784464	55516	1.34677	2.07017	5	50
1000	399799	n_p=0.800000	ThorupZwickOracle (k=15)	0.676175	25502	111263	2.11066e-06	0	0	958128	36974	1.43086	2.69457	29	50
1000	399799	n_p=0.800000	ThorupZwickOracle (k=15)	0.50837	25033	101623	2.0538e-06	0	0	941672	36036	1.46471	2.39287	29	50
1000	399799	n_p=0.800000	ThorupZwickOracle (k=15)	0.594849	25133	105802	2.40088e-06	0	0	944808	36236	1.56651	3.45274	29	50
1000	399799	n_p=0.800000	ThorupZwickOracle (k=15)	0.402476	22451	93124	1.99824e-06	0	0	796632	30872	1.30435	1.83572	29	50
1000	399799	n_p=0.800000	ThorupZwickOracle (k=15)	0.585368	24866	105652	2.2285e-06	0	0	922448	35702	1.39465	2.22577	29	50
1000	399799	n_p=0.800000	ThorupZwickOracle (k=15)	0.410558	24040	96075	2.18074e-06	0	0	886400	34050	1.44986	2.54721	29	50
1000	399799	n_p=0.800000	ThorupZwickOracle (k=15)	0.428611	23297	94513	2.6349e-06	0	0	842696	32564	1.46386	2.33064	29	50
1000	399799	n_p=0.800000	ThorupZwickOracle (k=15)	0.500615	24010	100787	2.2684e-06	0	0	875504	33990	1.36621	2.63375	29	50
1000	399799	n_p=0.800000	ThorupZwickOracle (k=15)	0.409617	23575	93990	2.11444e-06	0	0	856216	33120	1.49841	2.33208	29	50
1000	399799	n_p=0.800000	ThorupZwickOracle (k=15)	0.493295	24242	101313	2.19598e-06	0	0	892080	34454	1.48677	2.86832	29	50
1000	399799	n_p=0.800000	WulffNilsenOracle (k=15)	0.427435	24402	95362	1.33492e-06	0	0	1051464	40786	1.55561	2.28849	29	50
1000	399799	n_p=0.800000	WulffNilsenOracle (k=15)	0.508102	25021	100102	1.57598e-06	0	0	1077728	41804	1.45748	2.76393	29	50
1000	399799	n_p=0.800000	WulffNilsenOracle (k=15)	0.411654	23263	93797	1.29638e-06	0	0	982016	38258	1.43272	2.75979	29	50
1000	399799	n_p=0.800000	WulffNilsenOracle (k=15)	0.497649	23066	99121	1.71278e-06	0	0	965368	37882	1.33075	2.57827	29	50
1000	399799	n_p=0.800000	WulffNilsenOracle (k=15)	0.578087	23789	105519	1.27904e-06	0	0	996560	39220	1.35625	2.94924	29	50
1000	399799	n_p=0.800000	WulffNilsenOracle (k=15)	0.496763	23522	99589	1.3426e-06	0	0	984680	38712	1.39045	3.20435	29	50
1000	399799	n_p=0.800000	WulffNilsenOracle (k=15)	0.435803	24889	96101	1.33536e-06	0	0	1074752	41690	1.53154	2.99209	29	50
1000	399799	n_p=0.800000	WulffNilsenOracle (k=15)	0.571471	23785	104882	1.83992e-06	0	0	1000208	39286	1.39682	4.37484	29	50
1000	399799	n_p=0.800000	WulffNilsenOracle (k=15)	0.584878	24932	105926	1.40498e-06	0	0	1067512	41604	1.45469	2.62792	29	50
1000	399799	n_p=0.800000	WulffNilsenOracle (k=15)	0.599878	26003	107443	1.57688e-06	0	0	1138128	43866	1.49721	3.63174	29	50
1000	424380	n_p=0.850000	ThorupZwickOracle (k=3)	0.986936	25805	77993	7.8518e-07	0	0	1597784	49604	1.30691	1.9895	5	50
1000	424380	n_p=0.850000	ThorupZwickOracle (k=3)	1.70629	35699	125133	9.7324e-07	0	0	2194136	69392	1.42793	2.36332	5	50
1000	424380	n_p=0.850000	ThorupZwickOracle (k=3)	1.5473	30578	114586	8.8332e-07	0	0	1871008	59150	1.2988	1.86597	5	50
1000	424380	n_p=0.850000	ThorupZwickOracle (k=3)	0.997961	26123	78476	9.0318e-07	0	0	1619320	50240	1.43222	3.62403	5	50
1000	424380	n_p=0.850000	ThorupZwickOracle (k=3)	1.31674	31181	99052	1.03038e-06	0	0	1926232	60356	1.41419	1.95167	5	50
1000	424380	n_p=0.850000	ThorupZwickOracle (k=3)	1.28459	30356	88394	8.3534e-07	0	0	1887712	58706	1.54673	2.53831	5	50
1000	424380	n_p=0.850000	ThorupZwickOracle (k=3)	1.3064	28661	91555	8.9848e-07	0	0	1772696	55316	1.46949	2.11393	5	50
1000	424380	n_p=0.850000	ThorupZwickOracle (k=3)	1.62039	29679	114077	9.4314e-07	0	0	1824248	57352	1.41358	3.22938	5	50
1000	424380	n_p=0.850000	ThorupZwickOracle (k=3)	0.840039	39744	72226	1.0027e-06	0	0	2500576	77482	1.37138	1.9461	5	50
1000	424380	n_p=0.850000	ThorupZwickOracle (k=3)	1.28768	27828	95555	9.9508e-07	0	0	1719376	53650	1.33893	2.2377	5	50
1000	424380	n_p=0.850000	WulffNilsenOracle (k=3)	1.13876	30821	87967	8.254e-07	0	0	1930624	60636	1.49231	3.23254	5	50
1000	424380	n_p=0.850000	WulffNilsenOracle (k=3)	1.2558	33568	96673	8.5254e-07	0	0	2108056	66130	1.53093	3.55792	5	50
1000	424380	n_p=0.850000	WulffNilsenOracle (k=3)	1.50211	32716	111466	8.286e-07	0	0	2036344	64426	1.408	2.84823	5	50
1000	424380	n_p=0.850000	WulffNilsenOracle (k=3)	1.08678	26975	84427	8.1786e-07	0	0	1697856	52944	1.39307	3.22938	5	50
1000	424380	n_p=0.850000	WulffNilsenOracle (k=3)	1.12604	30234	88294	8.0716e-07	0	0	1892344	59462	1.34365	2.00034	5	50
1000	424380	n_p=0.850000	WulffNilsenOracle (k=3)	1.47596	31188	109832	9.5174e-07	0	0	1945192	61370	1.3897	2.785	5	50
1000	424380	n_p=0.850000	WulffNilsenOracle (k=3)	1.00243	26649	78256	8.7894e-07	0	0	1676848	52292	1.33243	1.9617	5	50
1000	424380	n_p=0.850000	WulffNilsenOracle (k=3)	0.906172	25797	72718	8.6122e-07	0	0	1619008	50588	1.31899	2.67318	5	50
1000	424380	n_p=0.850000	WulffNilsenOracle (k=3)	1.92655	34496	139915	8.4774e-07	0	0	2136440	67986	1.39108	2.41794	5	50
1000	424380	n_p=0.850000	WulffNilsenOracle (k=3)	0.948692	28637	75793	8.016e-07	0	0	1796848	56268	1.42439	2.952	5	50
1000	424380	n_p=0.850000	ThorupZwickOracle (k=15)	0.615066	24880	108128	2.4895e-06	0	0	927472	35730	1.50334	2.8695	29	50
1000	424380	n_p=0.850000	ThorupZwickOracle (k=15)	0.62527	25823	109489	2.3877e-06	0	0	986664	37616	1.61649	2.56653	29	50
1000	424380	n_p=0.850000	ThorupZwickOracle (k=15)	0.436353	24094	96450	2.3294e-06	0	0	886784	34158	1.43736	2.13596	29	50
1000	424380	n_p=0.850000	ThorupZwickOracle (k=15)	0.537288	25646	102100	2.13188e-06	0	0	985088	37262	1.66043	3.21184	29	50
1000	424380	n_p=0.850000	ThorupZwickOracle (k=15)	0.507769	23324	100269	2.08394e-06	0	0	840640	32618	1.4813	2.36332	29	50
1000	424380	n_p=0.850000	ThorupZwickOracle (k=15)	0.541949	25961	103743	2.42394e-06	0	0	998680	37892	1.5598	3.07681	29	50
1000	424380	n_p=0.850000	ThorupZwickOracle (k=15)	0.898092	27685	127808	2.28516e-06	0	0	1097736	41340	1.44737	2.91463	29	50
1000	424380	n_p=0.850000	ThorupZwickOracle (k=15)	0.671233	24009	106307	2.16308e-06	0	0	873640	33988	1.45866	2.97327	29	50
1000	424380	n_p=0.850000	ThorupZwickOracle (k=15)	0.727851	25103	112680	2.13382e-06	0	0	934440	36176	1.47183	3.13826	29	50
1000	424380	n_p=0.850000	ThorupZwickOracle (k=15)	0.70766	25543	113608	2.10238e-06	0	0	964408	37056	1.34049	3.13136	29	50
1000	424380	n_p=0.850000	WulffNilsenOracle (k=15)	0.44196	24198	96988	1.43686e-06	0	0	1036552	40148	1.65749	2.99823	29	50
1000	424380	n_p=0.850000	WulffNilsenOracle (k=15)	0.545035	25783	103089	1.57528e-06	0	0	1131952	43442	1.6182	2.64159	29	50
1000	424380	n_p=0.850000	WulffNilsenOracle (k=15)	0.610713	24339	106968	1.33366e-06	0	0	1037200	40658	1.41398	2.95775	29	50
1000	424380	n_p=0.850000	WulffNilsenOracle (k=15)	0.522038	24222	101619	1.4392e-06	0	0	1035880	40418	1.48692	2.62078	29	50
1000	424380	n_p=0.850000	WulffNilsenOracle (k=15)	0.528345	24727	101837	1.45588e-06	0	0	1057312	41280	1.46833	2.36332	29	50
1000	424380	n_p=0.850000	WulffNilsenOracle (k=15)	0.611628	24455	107496	1.40392e-06	0	0	1036944	40700	1.40143	2.67548	29	50
1000	424380	n_p=0.850000	WulffNilsenOracle (k=15)	0.625422	25488	107928	1.37998e-06	0	0	1099784	42744	1.52599	2.5052	29	50
1000	424380	n_p=0.850000	WulffNilsenOracle (k=15)	0.442243	24027	95244	1.38276e-06	0	0	1023840	39974	1.58433	2.95775	29	50
1000	424380	n_p=0.850000	WulffNilsenOracle (k=15)	0.448374	24886	97005	1.4616e-06	0	0	1073400	41696	1.61544	4.04484	29	50
1000	424380	n_p=0.850000	WulffNilsenOracle (k=15)	0.438883	24188	97513	1.49646e-06	0	0	1032904	40234	1.56545	3.24576	29	50
1000	449631	n_p=0.900000	ThorupZwickOracle (k=3)	1.2044	30983	89133	9.3082e-07	0	0	1915704	59960	1.4519	2.4499	5	50
1000	449631	n_p=0.900000	ThorupZwickOracle (k=3)	1.28093	30133	93671	9.0376e-07	0	0	1859016	58260	1.48516	2.36821	5	50
1000	449631	n_p=0.900000	ThorupZwickOracle (k=3)	1.16226	33569	87197	9.0966e-07	0	0	2099912	65132	1.43434	2.30807	5	50
1000	449631	n_p=0.900000	ThorupZwickOracle (k=3)	1.40883	33124	101987	9.4412e-07	0	0	2048608	64242	1.34604	2.20291	5	50
1000	449631	n_p=0.900000	ThorupZwickOracle (k=3)	1.80368	35637	125954	9.3292e-07	0	0	2191144	69268	1.40447	1.99207	5	50
1000	449631	n_p=0.900000	ThorupZwickOracle (k=3)	1.18143	29788	87800	7.8066e-07	0	0	1838592	57570	1.31203	2.1566	5	50
1000	449631	n_p=0.900000	ThorupZwickOracle (k=3)	1.40352	32499	101363	9.1324e-07	0	0	2006696	62992	1.39344	2.06059	5	50
1000	449631	n_p=0.900000	ThorupZwickOracle (k=3)	1.37977	31181	99851	9.3162e-07	0	0	1929432	60356	1.28676	1.79691	5	50
1000	449631	n_p=0.900000	ThorupZwickOracle (k=3)	2.0881	34082	140746	1.02068e-06	0	0	2084464	66158	1.38021	2.05481	5	50
1000	449631	n_p=0.900000	ThorupZwickOracle (k=3)	1.59078	32658	112049	9.4624e-07	0	0	2012864	63310	1.39877	1.99434	5	50
1000	449631	n_p=0.900000	WulffNilsenOracle (k=3)	1.27621	29714	93575	9.4614e-07	0	0	1862056	58422	1.34382	2.88362	5	50
1000	449631	n_p=0.900000	WulffNilsenOracle (k=3)	1.2762	30127	93547	9.189e-07	0	0	1886944	59248	1.48288	2.55824	5	50
1000	449631	n_p=0.900000	WulffNilsenOracle (k=3)	0.893068	27586	69430	8.4292e-07	0	0	1740184	54166	1.39741	2.13507	5	50
1000	449631	n_p=0.900000	WulffNilsenOracle (k=3)	1.57072	31870	111571	8.8124e-07	0	0	1988104	62734	1.327	2.12353	5	50
1000	449631	n_p=0.900000	WulffNilsenOracle (k=3)	0.985334	27862	75045	9.6726e-07	0	0	1747000	54718	1.38874	2.88362	5	50
1000	449631	n_p=0.900000	WulffNilsenOracle (k=3)	1.54965	31063	110585	9.8522e-07	0	0	1942928	61120	1.35379	2.37824	5	50
1000	449631	n_p=0.900000	WulffNilsenOracle (k=3)	1.17664	28395	86602	1.05706e-06	0	0	1779488	55784	1.31009	2.14068	5	50
1000	449631	n_p=0.900000	WulffNilsenOracle (k=3)	1.2145	31408	89633	8.3648e-07	0	0	1972648	61810	1.34798	2.37648	5	50
1000	449631	n_p=0.900000	WulffNilsenOracle (k=3)	1.44435	35084	104272	1.22512e-06	0	0	2193736	69162	1.46249	2.08956	5	50
1000	449631	n_p=0.900000	WulffNilsenOracle (k=3)	0.933881	30359	72830	7.894e-07	0	0	1912400	59712	1.42225	3.11611	5	50
1000	449631	n_p=0.900000	ThorupZwickOracle (k=15)	0.560773	25069	103785	2.22152e-06	0	0	941160	36108	1.40789	2.14933	29	50
1000	449631	n_p=0.900000	ThorupZwickOracle (k=15)	0.551836	24499	102647	2.18094e-06	0	0	903976	34968	1.48815	2.426	29	50
1000	449631	n_p=0.900000	ThorupZwickOracle (k=15)	0.83307	25941	119014	1.9776e-06	0	0	981992	37852	1.3557	2.13808	29	50
1000	449631	n_p=0.900000	ThorupZwickOracle (k=15)	0.446615	23330	97049	2.08702e-06	0	0	840384	32630	1.47751	2.60348	29	50
1000	449631	n_p=0.900000	ThorupZwickOracle (k=15)	0.446484	23265	95283	2.2815e-06	0	0	844120	32500	1.38391	2.02012	29	50
1000	449631	n_p=0.900000	ThorupZwickOracle (k=15)	0.528093	22846	101002	2.17532e-06	0	0	814032	31662	1.26974	2.15092	29	50
1000	449631	n_p=0.900000	ThorupZwickOracle (k=15)	0.467953	24846	97577	2.17836e-06	0	0	930608	35662	1.49215	3.30491	29	50
1000	449631	n_p=0.900000	ThorupZwickOracle (k=15)	0.548212	24067	102526	2.37166e-06	0	0	878808	34104	1.49175	2.10203	29	50
1000	449631	n_p=0.900000	ThorupZwickOracle (k=15)	0.538764	23464	101229	2.22704e-06	0	0	849488	32898	1.36483	2.68798	29	50
1000	449631	n_p=0.900000	ThorupZwickOracle (k=15)	0.467962	24261	98003	2.32444e-06	0	0	896376	34492	1.42619	2.72249	29	50
1000	449631	n_p=0.900000	WulffNilsenOracle (k=15)	0.602181	24003	102341	2.08724e-06	0	0	1023888	39950	1.49362	2.34356	29	50
1000	449631	n_p=0.900000	WulffNilsenOracle (k=15)	0.623472	25236	103891	1.60442e-06	0	0	1096328	42392	1.55	2.16693	29	50
1000	449631	n_p=0.900000	WulffNilsenOracle (k=15)	0.568274	25387	103388	1.44898e-06	0	0	1100496	42684	1.58527	2.5363	29	50
1000	449631	n_p=0.900000	WulffNilsenOracle (k=15)	0.64849	24478	107577	1.38804e-06	0	0	1045512	40950	1.36895	2.37776	29	50
1000	449631	n_p=0.900000	WulffNilsenOracle (k=15)	0.543154	23760	101874	1.38978e-06	0	0	1005992	39358	1.39115	2.36617	29	50
1000	449631	n_p=0.900000	WulffNilsenOracle (k=15)	0.46586	24207	98527	1.51338e-06	0	0	1036800	40286	1.60433	3.48842	29	50
1000	449631	n_p=0.900000	WulffNilsenOracle (k=15)	0.569622	25829	103889	1.49912e-06	0	0	1133648	43568	1.73485	3.67394	29	50
1000	449631	n_p=0.900000	WulffNilsenOracle (k=15)	0.53941	23543	100882	1.45698e-06	0	0	993152	38974	1.50192	2.48729	29	50
1000	449631	n_p=0.900000	WulffNilsenOracle (k=15)	0.638044	24012	107721	1.3982e-06	0	0	1020696	39854	1.28004	1.77834	29	50
1000	449631	n_p=0.900000	WulffNilsenOracle (k=15)	0.451943	23400	96728	1.85978e-06	0	0	988264	38634	1.50875	2.36729	29	50
1000	474465	n_p=0.950000	ThorupZwickOracle (k=3)	1.73909	31371	116764	9.0406e-07	0	0	1926072	60736	1.35146	2.61653	5	50
1000	474465	n_p=0.950000	ThorupZwickOracle (k=3)	1.30787	34358	93547	8.985e-07	0	0	2123072	66710	1.47115	3.1834	5	50
1000	474465	n_p=0.950000	ThorupZwickOracle (k=3)	1.62183	29100	109211	1.24634e-06	0	0	1788784	56194	1.43724	2.62774	5	50
1000	474465	n_p=0.950000	ThorupZwickOracle (k=3)	1.5272	30018	104670	8.6726e-07	0	0	1851296	58030	1.49544	2.65079	5	50
1000	474465	n_p=0.950000	ThorupZwickOracle (k=3)	0.729261	32808	59462	8.864e-07	0	0	2043840	63610	1.56354	3.07941	5	50
1000	474465	n_p=0.950000	ThorupZwickOracle (k=3)	1.52842	29311	104033	8.822e-07	0	0	1802392	56616	1.39348	2.86962	5	50
1000	474465	n_p=0.950000	ThorupZwickOracle (k=3)	1.59706	30505	105218	8.343e-07	0	0	1875144	59004	1.52733	2.43432	5	50
1000	474465	n_p=0.950000	ThorupZwickOracle (k=3)	1.10078	25800	79250	9.7458e-07	0	0	1590576	49594	1.41938	2.38762	5	50
1000	474465	n_p=0.950000	ThorupZwickOracle (k=3)	1.2939	26454	90445	9.3482e-07	0	0	1635232	50902	1.40654	3.37167	5	50
1000	474465	n_p=0.950000	ThorupZwickOracle (k=3)	1.48498	33504	103971	8.5464e-07	0	0	2065264	65002	1.46871	3.36962	5	50
1000	474465	n_p=0.950000	WulffNilsenOracle (k=3)	1.21215	27311	85923	7.945e-07	0	0	1711120	53616	1.45237	2.81916	5	50
1000	474465	n_p=0.950000	WulffNilsenOracle (k=3)	1.84662	30980	121680	8.3722e-07	0	0	1921880	60954	1.38604	3.1834	5	50
1000	474465	n_p=0.950000	WulffNilsenOracle (k=3)	1.3134	40835	94469	8.5094e-07	0	0	2573680	80664	1.62163	3.04963	5	50
1000	474465	n_p=0.950000	WulffNilsenOracle (k=3)	1.03323	27814	75945	8.1942e-07	0	0	1744104	54622	1.41318	2.40954	5	50
1000	474465	n_p=0.950000	WulffNilsenOracle (k=3)	1.25298	30108	88654	8.6992e-07	0	0	1891512	59210	1.51502	2.37442	5	50
1000	474465	n_p=0.950000	WulffNilsenOracle (k=3)	1.85827	33423	124467	8.2928e-07	0	0	2083808	65840	1.47091	2.52663	5	50
1000	474465	n_p=0.950000	WulffNilsenOracle (k=3)	1.73388	31768	118090	8.239e-07	0	0	1977528	62530	1.44067	2.57478	5	50
1000	474465	n_p=0.950000	WulffNilsenOracle (k=3)	1.65676	29891	105005	9.268e-07	0	0	1862480	58776	1.39687	3.03213	5	50
1000	474465	n_p=0.950000	WulffNilsenOracle (k=3)	1.27154	34222	82355	7.855e-07	0	0	2156808	67438	1.42524	2.71311	5	50
1000	474465	n_p=0.950000	WulffNilsenOracle (k=3)	1.43032	29233	99000	8.8846e-07	0	0	1821712	57460	1.46043	2.44643	5	50
1000	474465	n_p=0.950000	ThorupZwickOracle (k=15)	0.469843	22921	95669	2.16998e-06	0	0	819048	31812	1.44395	2.88685	29	50
1000	474465	n_p=0.950000	ThorupZwickOracle (k=15)	0.484765	24018	98534	2.16526e-06	0	0	882320	34006	1.44296	3.38473	29	50
1000	474465	n_p=0.950000	ThorupZwickOracle (k=15)	0.648169	24527	102524	2.47014e-06	0	0	908440	35024	1.58459	4.88767	29	50
1000	474465	n_p=0.950000	ThorupZwickOracle (k=15)	0.526665	23634	97509	2.2869e-06	0	0	863200	33238	1.45007	2.7867	29	50
1000	474465	n_p=0.950000	ThorupZwickOracle (k=15)	0.484413	23948	97146	2.01068e-06	0	0	881632	33866	1.57998	3.39532	29	50
1000	474465	n_p=0.950000	ThorupZwickOracle (k=15)	0.582177	24413	103840	2.20028e-06	0	0	904040	34796	1.58394	3.26025	29	50
1000	474465	n_p=0.950000	ThorupZwickOracle (k=15)	0.586071	24489	103681	2.201e-06	0	0	907656	34948	1.67455	3.31916	29	50
1000	474465	n_p=0.950000	ThorupZwickOracle (k=15)	0.57948	23962	103274	2.34228e-06	0	0	870416	33894	1.37178	2.08502	29	50
1000	474465	n_p=0.950000	ThorupZwickOracle (k=15)	0.47701	23011	96378	2.53884e-06	0	0	826120	31992	1.57007	2.51844	29	50
1000	474465	n_p=0.950000	ThorupZwickOracle (k=15)	0.877367	25858	115493	2.02494e-06	0	0	983968	37686	1.54297	2.93203	29	50
1000	474465	n_p=0.950000	WulffNilsenOracle (k=15)	0.496352	25067	99542	1.40956e-06	0	0	1086768	41950	1.80998	5.59585	29	50
1000	474465	n_p=0.950000	WulffNilsenOracle (k=15)	0.49009	24596	97987	1.3406e-06	0	0	1055864	41052	1.55117	3.43794	29	50
1000	474465	n_p=0.950000	WulffNilsenOracle (k=15)	0.612128	25229	104985	2.27086e-06	0	0	1083856	42174	1.458	2.37674	29	50
1000	474465	n_p=0.950000	WulffNilsenOracle (k=15)	0.765981	25176	109148	1.60886e-06	0	0	1082888	42040	1.5963	2.54819	29	50
1000	474465	n_p=0.950000	WulffNilsenOracle (k=15)	0.612629	24000	103450	1.4113e-06	0	0	1021688	39800	1.60391	3.05635	29	50
1000	474465	n_p=0.950000	WulffNilsenOracle (k=15)	0.602809	23989	102273	1.76004e-06	0	0	1017376	39876	1.52877	3.26434	29	50
1000	474465	n_p=0.950000	WulffNilsenOracle (k=15)	0.535006	25569	100279	1.42866e-06	0	0	1119888	43112	1.5699	2.80482	29	50
1000	474465	n_p=0.950000	WulffNilsenOracle (k=15)	0.519394	24000	97140	1.3206e-06	0	0	1025960	39978	1.6443	4.60602	29	50
1000	474465	n_p=0.950000	WulffNilsenOracle (k=15)	1.02712	27962	128200	1.55722e-06	0	0	1259608	47878	1.6121	3.73386	29	50
1000	474465	n_p=0.950000	WulffNilsenOracle (k=15)	0.552988	25323	98981	1.44596e-06	0	0	1112416	42744	1.65864	3.52229	29	50
